title,price
肌理條紋寬鬆棉麻短外套開衫-設計所在,"網路價 $1,480"
質感廓形時尚打褶寬鬆亞麻風衣外套-設計所在,"網路價 $2,680"
寬鬆花線棉麻外套-設計所在,"網路價 $2,180"
【KOMI】質感緞面棉雙排釦風衣外套‧全內裡(共二色),"網路價 $1,980"
休閒風撞色條紋加絨加厚連帽外套 (共二色)-4inSTYLE形設計,"網路價 $1,215"
休閒風格紋拼接加絨加厚連帽外套 (咖啡色)-4inSTYLE形設計,"網路價 $1,650"
翻領拼接羊羔絨長袖短款夾克外套 (粉色)-ROANN,"網路價 $1,350"
百搭款撞色拼接中長款連帽外套 (黑色)-4inSTYLE形設計,"網路價 $1,750"
休閒風拼接條紋長款連帽外套 (共二色)-4inSTYLE形設計,"網路價 $1,350"
休閒風黑白條紋連帽外套 (條紋)-4inSTYLE形設計,"網路價 $1,190"
純色加絨加厚長款連帽外套 (共二色)-4inSTYLE形設計,"網路價 $1,350"
AH dream夢想女孩 韓國製-寬鬆加絨連帽拉鍊中長版風衣外套(4色),"網路價 $1,150"
個性字母印花長款連帽風衣 (共三色)-Kugi Girl,"網路價 $1,950"
AH dream夢想女孩 韓版超長版奢華貉子毛領連帽軍裝外套大衣(3色),"網路價 $2,370"
AH dream夢想女孩 真毛超大毛領貉子毛軍裝短款連帽風衣外套,"網路價 $4,250"
AH dream夢想女孩 英倫風寬鬆百搭中長版風衣外套(2色),"網路價 $1,375"
AH dream夢想女孩 韓國挺版寬鬆長版顯瘦縮腰抽繩立領西裝外套風衣大衣,"網路價 $2,380"
AH dream夢想女孩 復古拼色抽繩線條感立領蝙蝠袖外套(2色),"網路價 $1,480"
AH dream夢想女孩 韓國製-中長版顯瘦綁帶雙排扣立領防風西裝外套,"網路價 $2,380"
AH dream夢想女孩 韓國製-中長版顯瘦卡其色西裝外套風衣大衣,"網路價 $1,780"
傘狀五分袖附腰带風衣外套 (共二色)-W BABIES,"網路價 $1,690"
正韓 附腰带傘狀風衣式襯衫洋裝 (共二色)-W BABIES,"網路價 $1,690"
純色加絨連帽衛衣外套 (共二色)-CIAO妞,網路價 $390
AH dream夢想女孩 大翻領皮帶扣羊羔毛防風皮衣外套,"網路價 $2,520"
小清新大翻領後綁帶長款背心外套 (共二色)-ROANN,"網路價 $1,190"
花邊圓領燈籠袖刺繡長款外套 (共二色)-ROANN,"網路價 $1,380"
小清新翻領格紋拼接大口袋長款外套 (格紋)-4inSTYLE形設計,"網路價 $1,450"
小清新純色長袖長款連帽外套 (共二色)-CIAO妞,網路價 $950
清新大翻領長版風衣外套 (共四色)-Kugi Girl,"網路價 $2,150"
J-WELL 無領貼口袋羅紋長版外套(2色),"網路價 $1,050"
純色收腰大翻領大衣-共3色(M-2XL可選) 初色,"網路價 $1,025"
REESE 大翻領短版排釦風衣外套,"網路價 $1,180"
格紋排釦連帽長版外套 紅色-mini嚴選,"網路價 $1,180"
格紋排釦連帽長版外套 黑色-mini嚴選,"網路價 $1,180"
格紋排釦連帽長版外套 藏青色-mini嚴選,"網路價 $1,180"
Jilli-ko 韓版中長款西裝領風衣外套-深綠,"網路價 $1,280"
Jilli-ko 韓版中長連帽風衣外套-黑,網路價 $690
外套 圓領縮腰剪裁短版騎士人造皮衣(黑) N2,"網路價 $1,790"
撞色正反兩穿燈籠袖連帽外套 (咖啡色)-4inSTYLE形設計,"網路價 $1,280"
Hera 赫拉 韓版寬鬆顯瘦 純色翻領長袖套衫 束腰風衣外套,網路價 $790
質感廓型時尚短版棉質寬鬆牛仔外套-設計所在,"網路價 $2,280"
J-WELL 休閒連帽水洗外套,網路價 $668
時尚毛邊立領加厚夾棉牛仔外套-設計所在,"網路價 $2,180"
燈芯絨拼接連帽牛仔外套拼色夾棉-設計所在,"網路價 $2,580"
時尚毛邊立領加厚夾棉牛仔外套-設計所在,"網路價 $2,180"
IREAL MA1抽繩防風飛行外套,"網路價 $1,580"
休閒風字母印花中長款連帽牛仔外套 (黑色)-4inSTYLE形設計,"網路價 $2,150"
IREAL 時髦態度．帥帥連帽oversize大外套,"網路價 $2,080"
翻領字母刺繡寬鬆牛仔外套 (藍色)-ROANN,"網路價 $1,150"
KT 刺繡混色牛仔外套-藍,網路價 $750
La Belleza騎士風大翻領斜拉鍊口袋PU皮衣夾克皮質外套,網路價 $950
La Belleza韓版翻領落肩雙口袋牛仔西裝外套,網路價 $790
抽繩牛仔外套+連帽背心兩件套 (共二色)-CIAO妞,"網路價 $1,050"
大毛領羊羔絨加厚連帽外套 (牛仔藍)-CIAO妞,"網路價 $1,190"
IREAL 韓妞養成術．荷葉裙擺兩穿洋裝外套,"網路價 $1,980"
J-WELL 牛仔外套兩件組,網路價 $980
KatieQ 保暖絨毛單寧收腰外套-藍,網路價 $990
J-WELL 休閒感連帽牛仔外套(2色),網路價 $640
La Belleza迷彩排釦銅釦牛仔襯衫外套,網路價 $890
學院風寬鬆長袖連帽外套 (共三色)-CIAO妞,網路價 $932
La Belleza毛毛領內裡鋪柔軟絨毛加厚鋪棉連帽牛仔外套,"網路價 $1,580"
無袖背心連帽外套+寬鬆牛仔外套兩件套 (藍色)-CIAO妞,網路價 $990
正韓 附綁帶抽鬚擺牛仔長版外套 (深藍色)-W BABIES,"網路價 $1,780"
休閒牛仔拼接絨毛連帽外套 (深灰色)-4inSTYLE形設計,"網路價 $1,872"
REESE 雙口毛邊長版牛仔外套,網路價 $672
Jilli-ko Oversized長版牛仔連帽外套-藍/黑,"網路價 $1,000"
正韓 大小珠珠長袖長版牛仔外套 (藍色)-W BABIES,"網路價 $2,180"
雙翻蓋口袋牛仔外套 牛仔藍-mini嚴選,網路價 $990
騎士風拉鍊立翻領短版牛仔外套 (藍色)-1st. Dreamy Ave.,網路價 $890
男友風翻領寬鬆牛仔外套 (藍色)-ROANN,"網路價 $1,050"
La Belleza素色雙口袋銅釦排釦牛仔水洗長版外套,網路價 $850
【Hera 赫拉】 秋冬新款大碼女裝牛仔外套女中長款休閒雙排扣牛仔風衣潮,"網路價 $1,165"
正韓 附腰帶縫線牛仔襯衫外套 (藍色)-W BABIES,"網路價 $1,550"
個性純色連帽寬鬆牛仔外套 (共二色)-4inSTYLE形設計,"網路價 $1,680"
【Hera 赫拉】 牛仔外套女2018秋季短款寬鬆顯瘦韓版學生修身夾克連帽小外套,"網路價 $1,380"
個性街頭風雙口袋牛仔外套 (藍色)-Kugi Girl,網路價 $850
外套-格子拼接羊毛呢子大衣加厚純棉裡襯-設計所在,"網路價 $4,680"
磨白洗水牛仔外套中長版風衣-F8926-設計所在,"網路價 $2,380"
秋蝙蝠袖設計長袖丹寧牛仔夾克外套-068設計所在,"網路價 $1,880"
水墨印花寬鬆牛仔外套夾克上衣-Y4939-設計所在,"網路價 $1,780"
歐美復古皮扣立領毛呢大衣 (共二色)-CIAO妞,"網路價 $1,275"
小香風假兩件拼接毛呢外套 (共二色)-CIAO妞,"網路價 $1,325"
個性肩章修身立領毛呢大衣 (共三色)-CIAO妞,"網路價 $1,795"
高領拼接大毛領毛呢外套 (共二色)-CIAO妞,"網路價 $2,025"
復古撞色蕾絲花邊毛呢洋裝大衣 (共四色)-CIAO妞,"網路價 $1,275"
小清新娃娃領傘狀毛呢外套 (共二色)-ROANN,"網路價 $2,050"
旅途原品_靈韻_原創設計復古羊毛提花短款毛呢外套-紅色,"網路價 $6,180"
小清新翻領拼接大口袋毛呢外套 (共二色)-ROANN,"網路價 $2,050"
旅途原品_百態_原創設計時尚大翻領長絨毛短款毛呢外套-湖藍/杏,"網路價 $6,180"
寬鬆短版燈芯絨外套夾克棉衣-設計所在,"網路價 $2,680"
寬鬆拼接格子連帽毛呢外套呢子大衣-設計所在,"網路價 $2,680"
重磅質感拼接加絨毛呢外套加厚保暖大衣-設計所在,"網路價 $2,780"
復古格紋拼接羊羔毛長袖毛呢連帽外套 (共二色)-ROANN,"網路價 $1,750"
純色西裝翻領長款毛呢外套 (共二色)-CIAO妞,"網路價 $1,250"
羊羔絨拼接領格子夾棉棉服外套毛呢大衣-設計所在,"網路價 $2,180"
寬鬆連帽燈芯絨夾棉外套條絨棉衣-設計所在,"網路價 $2,380"
翻領雙排釦茧型毛呢外套 (黑色)-ROANN,"網路價 $1,690"
Jilli-ko 中長款羔毛絨連帽棉外套-卡/藍/綠/粉紅,"網路價 $1,080"
REESE 翻領雙口毛呢大衣 煙灰褐,"網路價 $1,380"
REESE 翻領雙口毛呢大衣 白,"網路價 $1,380"
寬鬆中長版純棉毛呢外套風衣呢子大衣-設計所在,"網路價 $2,680"
正韓 慵懶風仿皮草絨毛外套 (共二色)-W BABIES,"網路價 $2,380"
IREAL 人字紋雙排扣保暖呢料長大衣,"網路價 $2,080"
IREAL 修身暖感純色厚磅毛料長背心,"網路價 $1,680"
IREAL 撞色抗寒保暖長版連帽外套,"網路價 $1,790"
翻領雙排扣格紋長袖毛呢外套 (格紋)-ROANN,"網路價 $2,190"
時尚翻領/立領兩穿領羊羔絨衛衣絨衫上衣-設計所在,"網路價 $2,180"
質感廓型寬鬆格子毛呢外套中長版呢子大衣-設計所在,"網路價 $3,180"
廓形時尚寬鬆中長版毛呢外套羊毛呢子大衣-設計所在,"網路價 $3,980"
IREAL 經典小香風流蘇滾邊毛呢外套,"網路價 $1,790"
翻領拼接大口袋寬鬆毛呢外套 (共二色)-4inSTYLE形設計,"網路價 $1,090"
La Belleza素面開襟仿貂絨毛軟綿綿毛毛外套,網路價 $790
正韓 簡約純色翻領長款大衣 (共二色)-W BABIES,"網路價 $3,951"
正韓 純色連帽泡泡袖毛毛外套 (共二色)-W BABIES,"網路價 $2,080"
純色拼接格紋長款連帽毛呢外套 (紅色)-4inSTYLE形設計,"網路價 $2,550"
混色條紋拼接牛角釦長款毛呢外套 (共二色)-4inSTYLE形設計,"網路價 $2,150"
文藝風翻領拼接大口袋毛呢西裝外套 (共二色)-4inSTYLE形設計,"網路價 $1,690"
純色拼接格紋長款連帽毛呢外套 (黑色)-4inSTYLE形設計,"網路價 $2,550"
La Belleza毛球連帽羅紋滾邊雙口袋混色開襟針織外套,網路價 $890
IREAL 灰白系格紋厚磅保暖混羊毛大衣,"網路價 $2,980"
休閒感加厚短版羽絨棉外套 (共二色)-1st. Dreamy Ave.,"網路價 $1,159"
Jilli-ko 保暖加絨內膽連帽外套-綠/紅/黑/卡/灰,網路價 $683
立體高領羽絨棉連帽外套 (共五色)-ROANN,"網路價 $1,550"
旅途原品_新月_原創設計白鴨絨輕薄西裝翻領羽絨服-黑色,"網路價 $12,180"
旅途原品_歡歌_原創設計95白鴨絨休閒繭型連帽羽絨服-紅色,"網路價 $13,180"
旅途原品_樂律_原創設計95白鴨絨復古中式羽絨服-水藍,"網路價 $11,080"
旅途原品_遊民_原創設計95白鴨絨草原民族元素羊毛羽絨服-黑色,"網路價 $15,180"
旅途原品_月律_原創設計95白鴨絨趣味提花羽絨服-黑/水藍,"網路價 $7,180"
盤扣連帽菱格夾棉外套加厚保暖棉衣-設計所在,"網路價 $2,180"
Jilli-ko 短款羽絨棉馬甲背心-紅,網路價 $950
Jilli-ko 中長款夾棉連帽背心-綠/黑,"網路價 $1,180"
Jilli-ko 中長款連帽加厚麵包羽絨棉外套-黑,"網路價 $1,280"
Jilli-ko 輕薄加厚羊羔毛連帽夾棉外套-紅,網路價 $950
Jilli-ko 羊羔毛絨翻領鋪棉外套-卡其,"網路價 $1,180"
KatieQ 保暖絨裡夾棉連帽外套-黑,"網路價 $2,580"
KatieQ 簡約連帽鋪棉外套-藍,網路價 $850
亮面加厚羽絨棉外套麵包服棉衣-設計所在,"網路價 $2,680"
軟糯牛奶絨寬鬆中長版條紋加絨連帽外套-設計所在,"網路價 $2,480"
寬鬆菱格夾棉棉服短外套包扣棉衣-設計所在,"網路價 $1,880"
慢 生活 中長款拼接夾棉背心-棗紅/深綠,"網路價 $1,500"
慢 生活 厚刷毛連帽夾棉背心-黑/橘,"網路價 $1,580"
慢 生活 中長款對稱造型夾棉背心-灰/綠,"網路價 $1,750"
慢 生活 森林系蕾絲襬菱格夾棉背心-綠/藍,"網路價 $1,120"
慢 生活 厚刷毛蕾絲拼接夾棉背心-卡其/黑,"網路價 $1,450"
慢 生活 加厚內摩毛中長款連帽背心-黑/綠,"網路價 $1,580"
慢 生活 夾棉內裏連帽工裝外套-橘/黃,"網路價 $1,650"
慢 生活 搖粒絨內膽連帽背心-格紋,"網路價 $1,680"
慢 生活 輕量夾棉尼龍背心-黑,網路價 $920
慢 生活 中長款針織拼接夾棉背心-黑/綠,"網路價 $1,780"
寬鬆中長版夾棉格子棉服外套加棉棉衣-設計所在,"網路價 $2,380"
波浪紋寬鬆加絨棉服外套棉襖-設計所在,"網路價 $2,180"
溫柔風寬鬆連帽羊羔絨拼接夾棉棉服外套-設計所在,"網路價 $2,480"
寬鬆中長版羽絨服外套-設計所在,"網路價 $4,180"
寬鬆大翻領保暖輕羽絨外套麵包服-設計所在,"網路價 $3,280"
大口袋收腰連帽羽絨服加厚麵包服棉服外套-設計所在,"網路價 $4,280"
寬鬆菱格立領輕羽絨服外套-設計所在,"網路價 $2,780"
時尚蓬鬆感棉服寬鬆加厚立領麵包服外套-設計所在,"網路價 $3,180"
寬鬆花色條紋馬甲毛衣v領針織馬夾-設計所在,"網路價 $1,280"
Jilli-ko 輕薄保暖立領羽絨棉外套-黑/粉,網路價 $640
慢 生活 防風高領中長款夾棉外套-橘紅/深綠,"網路價 $3,080"
IREAL Oversize隨興長版罩衫外套,"網路價 $1,680"
IREAL 撞色格紋西裝外套,"網路價 $1,680"
J-WELL 水玉點點西裝領長版外套(兩色),"網路價 $1,050"
旅途原品_淺雲_原創設計亞麻雙層門襟西裝外套-焦茶,"網路價 $5,680"
IREAL 後百褶設計長版西裝外套,"網路價 $1,680"
純色西裝翻領雙排扣大衣 (淺紫色)-4inSTYLE形設計,"網路價 $1,950"
外套 正韓復古經典格修身設計雙排釦西裝外套(咖啡) N2,"網路價 $3,690"
ALLK 單顆釦小西裝外套 藏青色(尺寸M-XXL),網路價 $599
La Belleza素色雙翻領四釦假口袋燈籠袖西裝外套,網路價 $850
【AIRKOREA正韓空運】格紋雙排扣大衣外套,"網路價 $2,980"
正韓 細條紋大口袋西裝外套 (共二色)-W BABIES,"網路價 $2,890"
【KOMI】復古格紋西裝外套‧全裡(三色),"網路價 $1,490"
純色雙排扣呢料西裝外套 (嫣粉色)-CIAO妞,"網路價 $1,490"
【AIRKOREA正韓空運】長版風衣外套,"網路價 $3,380"
正韓 格紋翻領排扣長袖西裝外套 (共二色)-N.C21,"網路價 $2,080"
EELADY-單扣長袖西裝外套,"網路價 $1,980"
EELADY-彈性雙扣長袖西裝外套,"網路價 $1,980"
La Belleza復古格紋翻領單釦格子雙口袋西裝外套,網路價 $790
La Belleza素色翻領雙口袋棉麻料一粒釦木釦西裝外套,網路價 $790
La Belleza棉麻格紋雙口袋單釦木釦翻領西裝外套,網路價 $790
暗黑風麻料提花不規則西裝外套/設計所在XZ-536,"網路價 $2,480"
盤扣小西服拼接亞麻西裝短外套-Y4718-設計所在,"網路價 $1,680"
秋裝港風復古上衣寬鬆時尚小西裝外套/設計所在831,"網路價 $2,180"
正韓 細條紋翻領雙口袋西裝外套 (共二色)-N.C21,"網路價 $2,780"
立體修身純色翻領西裝外套 (共四色)-CIAO妞,網路價 $690
正韓 大地色翻領雙口袋西裝外套 (共四色)-N.C21,"網路價 $2,680"
絨毛翻領修身剪裁外套-OMUSES-動態Show,網路價 $999
重工刺繡長版外套-OMUSES-動態Show,"網路價 $1,980"
西裝翻領短版PU皮夾克 (杏色)-1st. Dreamy Ave.,"網路價 $1,680"
螢光色修身長版西裝外套 (共五色)-N.C21,"網路價 $2,178"
外套 翻領雙排釦寬鬆中長款大衣外套(紅) N2,"網路價 $2,290"
正韓 時尚感豹紋長版西裝外套 (共二色)-N.C21,"網路價 $1,968"
【N.C21】修身剪裁三釦長版西裝外套 (共二色),"網路價 $2,355"
正韓 華麗宮廷風排釦西裝外套 (共四色)-N.C21,"網路價 $1,787"
【N.C21】挺版金釦修身西裝外套 (共三色),"網路價 $1,849"
正韓 簡約俐落單釦西裝外套 (黑色)-W BABIES,"網路價 $2,650"
【N.C21】腰身線條俐落短版西裝外套 (共三色),"網路價 $2,508"
【ROANN Korea】飽和亮系羊毛長版西裝外套 (共五色),"網路價 $2,746"
【N.C21】華麗宮廷風排釦西裝外套 (深灰色),"網路價 $1,787"
外套 糖果色寬鬆小西裝外套 三色-Mini嚴選,網路價 $890
La BellezaV領素面仿水貂絨毛慵懶風針織毛海毛衣,網路價 $850
時尚豹紋絨毛保暖上衣-豹紋(F可選) 初色,網路價 $810
寬鬆菠蘿紋純色毛衣外套針織開衫-設計所在,"網路價 $1,480"
高領單肩鏤空純色百搭針織長袖上衣(共二色)-天使波堤,網路價 $360
半高領麻花百搭上衣-共5色(F可選) 初色,網路價 $516
中長款純色麻花針織衫-共5色(F可選) 初色,網路價 $532
聖誕麋鹿高領毛衣-共4色(F可選) 初色,網路價 $642
泡泡袖寬鬆純色毛衣-共4色(F可選) 初色,網路價 $565
慵懶風中長款純色毛衣-共3色(F可選) 初色,網路價 $597
大V字造型半高領長版毛衣-共4色(F可選) 初色,網路價 $457
純色半高領舒適毛衣-共5色(F可選) 初色,網路價 $438
純色貼身半高領毛衣-共7色(F可選) 初色,網路價 $365
純色半高領長版毛衣-共5色(F可選) 初色,網路價 $438
半高領雪花針織毛衣-共3色(F可選) 初色,網路價 $597
不蔓不枝/中長版毛衣裙內搭針織衫裙-設計所在,"網路價 $1,980"
花線條紋針織衫馬甲馬夾毛衣外套-設計所在,"網路價 $1,380"
寬鬆拼色毛衣外套針織衫外搭-設計所在,"網路價 $1,880"
寬鬆v領針織衫馬甲背心外穿無袖馬夾毛衣-設計所在,"網路價 $1,680"
彩染毛衣裙中長版針織衫-設計所在,"網路價 $2,180"
v領針織衫馬甲外穿毛衣-設計所在,"網路價 $1,280"
Jilli-ko 韓版INS寬鬆豹紋針織衫-黑,網路價 $950
Jilli-ko 韓版釘釦喇叭袖針織衫-綠/黑,網路價 $720
純色菱格紋長版毛衣-共3色(M-2XL可選) 初色,網路價 $493
Jilli-ko 法式條紋寬鬆針織毛衣-綠,網路價 $890
Jilli-ko 大菱格紋純色針織衫-藍,網路價 $690
半高領對稱麻花針織衫-共5色(M-XL可選) 初色,網路價 $484
花瓣領插畫刺繡毛衣-共5色(F可選) 初色,網路價 $516
純色麻花針織毛衣-共4色(M-2XL可選) 初色,網路價 $516
半高領V字點點毛衣-共4色(M-XL可選) 初色,網路價 $581
半高條紋編織中長款上衣共5色(F可選) 初色,網路價 $565
拚色口袋針織毛衣-共3色(F可選) 初色,網路價 $693
復古小鹿保暖毛衣-共5色(F可選) 初色,網路價 $688
純色半高領V字開胸毛衣-共7色(F可選) 初色,網路價 $645
拚色V領針織毛衣-共7色(F可選) 初色,網路價 $513
純色針織寬袖上衣-共4色(F可選) 初色,網路價 $513
純色蝴蝶蕾絲鏤空針織衫-共4色(F可選) 初色,網路價 $513
圓領釘珠針織毛衣-共6色(F可選) 初色,網路價 $532
假兩件刺繡毛衣襯衫-共3色(F可選) 初色,網路價 $688
波浪純色七分袖開衫外套-共8色(F可選) 初色,網路價 $484
純色插肩袖上衣-共6色(F可選) 初色,網路價 $457
正韓 薄透蕾絲紗罩衫長版外套 (白色)-W BABIES,"網路價 $1,190"
波點喇叭袖雪紡襯衫-共2色(M-2XL可選) 初色,網路價 $457
寬版魟魚袖綁帶襯衫-共2色(L-2XL可選) 初色,網路價 $475
IREAL 可成套搭配式設計感百摺上衣,網路價 $790
KT 蕾絲喇叭袖雪紡上衣-深藍,網路價 $890
KT 下擺打結雪紡上衣-橘紅,網路價 $790
花紋荷葉一字領雪紡上衣(共二色)-Kugi Girl,網路價 $699
La Belleza露肩平口吊帶彩色毛線球球荷葉袖壓摺裙擺棉麻洋裝,網路價 $790
KatieQ 幾何項鍊雪紡上衣-深藍,網路價 $890
KatieQ 點點打結荷葉邊雪紡上衣- 黑/淺紫,網路價 $850
時尚印花七分袖開襟罩衫外套 (花色)-CIAO妞,網路價 $390
J-WELL 碎花雙層荷葉印花上衣,網路價 $480
ALLK 蝴蝶結雪紡上衣 白色(尺寸M-XXL),網路價 $499
ALLK 立體印花雪紡上衣 黑色(尺寸M-XXL),網路價 $599
ALLK 印花雪紡衫襯衫上衣 圖片色(尺寸M-XL),網路價 $599
ALLK 荷葉領雪紡衫上衣 藍色(尺寸M-XL),網路價 $599
Jilli-ko 金屬環飄帶雪紡上衣-深綠/黃,網路價 $690
Hera 赫拉 一字領露肩 雪紡燈籠袖上衣(三色),網路價 $570
V領綁帶喇叭袖雪紡上衣 白色-mini嚴選,網路價 $790
ALLK 波浪紋雪紡襯衫上衣 黑白條紋(尺寸M-XXL),網路價 $499
ALLK 條紋雪紡襯衫上衣 粉色條紋(尺寸M-XXL),網路價 $499
V領挖肩荷葉雪紡衫 (共二色)-Kugi Girl,網路價 $580
La BellezaV領開釦雪紡薄料排釦罩衫外套,網路價 $590
【Hera 赫拉】 雪紡印花小立領罩衫-2款,網路價 $275
ALLK 翻領5分袖雪紡衫上衣 共2色(尺寸M-XXL),網路價 $399
ALLK 綁帶雪紡上衣 白色(尺寸M-XXL),網路價 $499
ALLK 綁帶雪紡襯衫上衣 杏色(尺寸M-XXL),網路價 $499
ALLK 條紋雪紡襯衫上衣 藍白條紋(尺寸M-XXL),網路價 $499
ALLK 條紋綁帶雪紡上衣 淺藍色(尺寸M-XXL),網路價 $499
ALLK 小立領碎花雪紡衫上衣 共3色(尺寸M-XXL),網路價 $499
ALLK 綁帶雪紡衫上衣 共2色(尺寸M-XXL),網路價 $499
雪紡輕柔荷葉邊V領抓皺上衣 (共二色)-Q-chic,"網路價 $2,202"
ALLK 碎花雪紡衫襯衫上衣 共2色(尺寸M-XXL),網路價 $399
ALLK 配色長袖雪紡衫上衣 白色(尺寸M-XXL),網路價 $499
ALLK 小立領綁帶雪紡衫上衣 共2色(尺寸M-XXL),網路價 $499
透膚圓領點點圖紋寬鬆雪紡上衣 (共二色)-4inSTYLE形設計,網路價 $780
ALLK 雪紡印花長上衣 黑色(尺寸M-XXL),網路價 $599
交叉露肩吊帶雪紡碎花上衣 (共三色)-1st. Dreamy Ave.,網路價 $908
外套 飄逸絲質多層次長版風衣外套(黑) N2,"網路價 $2,190"
時尚印花七分袖開襟罩衫外套 (白色)-CIAO妞,網路價 $390
刺繡鏤空蕾絲長袖上衣（贈小可愛）黑色-mini嚴選,網路價 $890
刺繡鏤空蕾絲長袖上衣（贈小可愛）杏色-mini嚴選,網路價 $890
刺繡鏤空蕾絲長袖上衣（贈小可愛）白色-mini嚴選,網路價 $890
正韓方領荷葉邊日系純棉質感造型上衣(粉咖) N2,"網路價 $1,590"
正韓Ｖ領日系純棉質感造型七分袖上衣(藕色) N2,"網路價 $1,590"
IREAL 透視心機感!拼接條紋袖蕾絲上衣,網路價 $790
蕾絲綁帶流蘇露腰吊帶背心度假上衣(共二色)-天使波堤,網路價 $560
J-WELL 浪漫滿版蕾絲開襟罩衫,網路價 $480
J-WELL 鏤空不對稱斜擺黑上衣,網路價 $590
袖口蕾絲拼接壓紋七分袖上衣 黑色-mini嚴選,網路價 $890
袖口蕾絲拼接壓紋七分袖上衣 白色-mini嚴選,網路價 $890
【Hera 赫拉】 蕾絲鏤空短款防曬外套,網路價 $430
La Belleza白色繡花鉤織滾邊棉麻鏤空五分袖蕾絲開衫外套,網路價 $690
正韓 優雅蕾絲拼接袖針織上衣 (黑色)-Q-chic,"網路價 $1,228"
樹葉圖紋透視七分袖蕾絲上衣 (白色)-ROANN,網路價 $590
透膚花朵網紗露背薄外套 (共三色)-CiAO妞 holiday,網路價 $416
正韓 寬鬆V領蕾絲斗篷飛鼠袖上衣 (白色)-N.C21,"網路價 $1,080"
正韓 質感細膩蕾絲透光上衣 (共三色)-N.C21,網路價 $794
正韓 縷空透膚蕾絲七分袖上衣 (白色)-N.C21,"網路價 $1,150"
正韓 薄透縷空蕾絲七分袖上衣 (白色)-W BABIES,"網路價 $1,280"
蕾絲罩杯式可拆式細肩帶交叉小可愛 二色-mini嚴選,網路價 $390
歐洲站斗篷上衣雪紡披肩假兩件中長版-設計所在 MP1708,"網路價 $1,580"
刺繡炒色防曬衫/設計所在 Q8617,"網路價 $2,280"
手工紅扣寬鬆刺繡蕾絲衫長外套-Y4820-設計所在,"網路價 $2,280"
上衣 正韓透紗抓皺彈性喇叭長袖造型上衣(粉) N2,"網路價 $1,090"
兩件式蕾絲刺繡上衣 杏色-mini嚴選,網路價 $799
兩件式蕾絲刺繡上衣 粉色-mini嚴選,網路價 $799
La Belleza緹花鉤織棉麻繫帶鏤空七分袖蕾絲外套,網路價 $690
La Belleza蕾絲顆粒棉球圈圈鏤空寬袖開衫罩衫,網路價 $690
La Belleza蕾絲花朵開衫長版罩衫薄款罩衫外套,網路價 $650
La Belleza刺繡鉤花接紗蕾絲鏤空長版罩衫開襟外套,網路價 $690
La BellezaV領手勾菱格蕾絲腰抽繩蝴蝶袖鏤空罩衫,網路價 $690
La Belleza玫瑰花朵葉子鏤空接紗蕾絲罩衫外套,網路價 $650
La Belleza透視感罩衫甜美立體花朵刺繡性感蕾絲寬袖上衣,網路價 $690
La BellezaPARIS繡英文字兩件式蕾絲刻花洋裝,網路價 $690
La Belleza大V領緹花蕾絲鉤花鏤空七分袖罩衫附綁繩,網路價 $690
La Belleza刺繡鉤花接紗蕾絲鏤空超長版罩衫開襟外套,網路價 $690
La Belleza布蕾編織下擺流蘇鬚鬚前後V領罩衫,網路價 $690
La Belleza全蕾絲鏤空花朵外接一層紗圓釦拉鍊短外套,網路價 $590
La BellezaV領圈圈刻花荷葉中袖蕾絲鏤空白色棉麻縮腰洋裝,網路價 $690
豎條紋雪紡V領襯衫-共3色(M-2XL可選) 初色,網路價 $565
復古純色排扣襯衫-共3色(M-2XL可選) 初色,網路價 $661
寬版長袖格子襯衫外套-藍色(M-2XL可選) 初色,網路價 $516
直條紋七分袖襯衫-共2色(M-2XL可選) 初色,網路價 $565
BF純色條紋襯衫-共3色(M-2XL可選) 初色,網路價 $565
V領七分袖條紋襯衫-共4色(M-2XL可選) 初色,網路價 $565
氣質口袋細條紋襯衫-共3色(M-2XL可選) 初色,網路價 $565
經典格子泡泡袖襯衫-共3色(M-2XL可選) 初色,網路價 $581
寬版蝙蝠袖格子襯衫-共2色(M-2XL可選) 初色,網路價 $565
純色寬版喇叭袖襯衫-共3色(M-2XL可選) 初色,網路價 $565
兩穿吊帶露肩條紋襯衫-共2色(M-2XL可選) 初色,網路價 $581
繫帶刺繡雪紡襯衫-白色(M-2XL可選) 初色,網路價 $642
純色領結刺繡泡泡袖上衣-白色(M-2XL可選) 初色,網路價 $629
燈籠袖寬鬆百搭襯衫-白色(M-2XL可選) 初色,網路價 $484
立領泡泡袖隱藏扣襯衫-共2色(M-2XL可選) 初色,網路價 $457
純色口袋長袖襯衫-共2色(M-2XL可選) 初色,網路價 $535
簡約純色泡泡袖襯衫-共2色(M-2XL可選) 初色,網路價 $446
氣質雪紡V領襯衫-黑色(M-2XL可選) 初色,網路價 $457
蝴蝶結系帶七分袖上衣-黑條紋(M-2XL可選) 初色,網路價 $516
圓領系帶條紋襯衫-共2色(M-2XL可選) 初色,網路價 $516
男友風格紋襯衫-共2色(M-2XL可選) 初色,網路價 $475
純色隱藏扣襯衫-共2色(M-2XL可選) 初色,網路價 $613
復古菱格紋百搭襯衫-共2色(F可選) 初色,網路價 $581
時尚豹紋領襯衫-共2色(F可選) 初色,網路價 $549
蕾絲V領氣質襯衫-共2色(M-2XL可選) 初色,網路價 $565
純色長尖領長袖襯衫-共4色(M-2XL可選) 初色,網路價 $597
文藝直紋襯衫-共3色(M-2XL可選) 初色,網路價 $627
氣質細直紋襯衫-共3色(M-2XL可選) 初色,網路價 $565
純色綁式大領結襯衫-共3色(M-2XL可選) 初色,網路價 $597
娃娃領格子露肩七分袖上衣-共2色(M-2XL可選) 初色,網路價 $565
純色修身鏤空領上衣-共3色(M-2XL可選) 初色,網路價 $627
波點雪紡七分袖襯衫-共3色(M-2XL可選) 初色,網路價 $565
氣質V領雪紡襯衫-共4色(M-2XL可選) 初色,網路價 $565
字母格子寬鬆百搭襯衫-共4色(M-2XL可選) 初色,網路價 $565
時尚斜襟繫帶亞麻襯衫長袖開衫棉麻上衣-設計所在,"網路價 $1,580"
重工刺繡苧麻料立領襯衫上衣-設計所在,"網路價 $1,380"
寬鬆純棉條紋襯衫套頭上衣-設計所在,"網路價 $1,180"
寬鬆亞麻襯衫長袖棉麻開衫上衣-設計所在,"網路價 $1,580"
時尚彩扣寬鬆棉麻襯衫長袖開衫上衣-設計所在,"網路價 $1,480"
小立領純棉碎花襯衫長袖印花開衫上衣-設計所在,"網路價 $1,280"
101原創 素色落肩刷毛大學T-女-深麻灰,網路價 $590
寬鬆棉麻波點連帽衛衣長袖套頭上衣-設計所在,"網路價 $1,180"
J-WELL 純色百搭長袖帽T (5色),網路價 $580
101原創 素色刷毛大學T-男-麻花白,網路價 $590
101原創 素色刷毛大學T-男-深麻灰,網路價 $590
101原創 素色刷毛大學T-男-丈青,網路價 $590
101原創 素色刷毛大學T-男-麻灰,網路價 $590
101原創 素色刷毛大學T-男-黑,網路價 $590
101原創 素色落肩刷毛大學T-女-麻花白,網路價 $590
101原創 素色落肩刷毛大學T-女-黑,網路價 $590
親膚百搭絲絨半高領內搭衫刺繡T恤套頭上衣-設計所在,網路價 $980
半高領加絨加厚內搭衫棉質T恤上衣-設計所在,"網路價 $1,180"
慢 生活 寬鬆條紋針織連帽T-黑,網路價 $690
慢 生活 貼布拼接加厚摩毛衛衣長袖T-藍/紅,網路價 $850
慢 生活 加厚摩毛刺繡衛衣連帽T-白,網路價 $820
慢 生活 加厚摩毛刺繡衛衣長袖T-藍/粉紅,網路價 $690
刺繡高領加厚加絨衛衣保暖絨衫上衣-設計所在,"網路價 $1,580"
寬鬆連帽拼色格子毛衣針織衫衛衣-設計所在,"網路價 $1,980"
垂墜休閒內搭衫寬鬆條紋針織衫套頭上衣-設計所在,"網路價 $1,180"
REESE 寬鬆英文刷毛衛衣 杏,網路價 $620
REESE 寬鬆英文刷毛衛衣 淺粉,網路價 $620
Jilli-ko 加厚假兩件連帽衛衣-灰/紅,網路價 $750
慵懶風純色加絨加厚寬鬆連帽T恤 (共二色)-4inSTYLE形設計,網路價 $981
拼接白色套頭圓領上衣-共4色(M-XL可選) 初色,網路價 $599
IREAL 斗篷感連帽純色休閒上衣,網路價 $980
純色字母刺繡拼接大口袋連帽T恤 (共二色)-4inSTYLE形設計,"網路價 $1,150"
時尚廓形重磅雙面呢寬鬆連帽衛衣上衣-設計所在,"網路價 $1,980"
慢 生活 燈龍袖針織連帽衛衣-黑,網路價 $690
大口袋中長版寬鬆連帽加絨衛衣絨衫上衣-設計所在,"網路價 $1,880"
La BellezaSTEAD字母連帽抽繩內裡加絨加厚燈籠袖厚刷毛帽T,網路價 $890
La BellezaAGREE連帽抽繩內裡加絨加厚側開叉厚棉刷毛洋裝,網路價 $850
La Belleza韓版英文字連帽梯形大口袋內裡加絨厚棉保暖長版帽T,網路價 $890
加厚刺繡連帽上衣-共3色(M-XL可選) 初色,網路價 $703
百搭款純色拼接口袋連帽T恤 (深灰色)-4inSTYLE形設計,"網路價 $1,090"
文藝風抽象瓶子連帽T恤 (共二色)-4inSTYLE形設計,"網路價 $1,050"
休閒風拼接刷破洗水牛仔連帽T恤 (藍色)-4inSTYLE形設計,"網路價 $1,150"
【Hera 赫拉】韓版大碼連帽加絨長袖上衣(三色),網路價 $599
La Belleza背交叉開叉羅紋拼接連帽抽繩內裡加絨加厚帽T(粉),網路價 $890
字母印花拼接大口袋寬鬆連帽T恤 (綠色)-4inSTYLE形設計,"網路價 $1,150"
正韓 亮色系高領泡泡袖內刷毛衛衣 (共五色)-W BABIES,"網路價 $1,080"
101原創 絕美長袖上衣-白(男女適穿),網路價 $350
101原創 少思考多感受長袖上衣-女-黑,網路價 $350
101原創 雨後彩虹長袖上衣-白(男女適穿),網路價 $350
101原創 邦妮部落長袖上衣-暗紅(男女適穿),網路價 $350
101原創 STUFFINMYPOCKET長袖上衣-女-白,網路價 $350
101原創 關鍵長袖上衣-暗紅(男女適穿),網路價 $350
101原創 Advantage長袖上衣-白(男女適穿),網路價 $350
101原創 Blues長袖上衣-女-復古紅,網路價 $350
101原創 Limited長袖上衣-軍綠(男女適穿),網路價 $350
101原創 Shell長袖上衣-女-麻灰,網路價 $350
101原創 邦妮部落長袖上衣-女-黑,網路價 $350
101原創 STUFFINMYPOCKET長袖上衣-暗紅(男女適穿),網路價 $350
101原創 makeanew長袖上衣-黑(男女適穿),網路價 $350
101原創 循環長袖上衣-復古紅(男女適穿),網路價 $350
101原創 SweetDream長袖上衣-女-暗紅,網路價 $350
101原創 獨自旅行長袖上衣-復古紅(男女適穿),網路價 $350
101原創 獨自旅行長袖上衣-女-麻灰,網路價 $350
101原創 瘋狂科學家長袖上衣-暗紅(男女適穿),網路價 $350
101原創 我的星期天長袖上衣-白(男女適穿),網路價 $350
101原創 巴黎漫步長袖上衣-女-黑,網路價 $350
101原創 眼光長袖上衣-白(男女適穿),網路價 $350
101原創 森林裡的空隙長袖上衣-女-丈青,網路價 $350
101原創 登頂長袖上衣-黑(男女適穿),網路價 $350
101原創 我的星期天長袖上衣-女-麻灰,網路價 $350
101原創 蝴蝶長袖上衣-女-丈青,網路價 $350
101原創 Original長袖上衣-女-白,網路價 $350
寬鬆毛邊字母刺繡棉麻t恤長袖上衣-設計所在,"網路價 $1,280"
時尚波浪領格子亞麻t恤套頭棉麻上衣-設計所在,"網路價 $1,680"
J-WELL 袖口抽細褶大連袖上衣,網路價 $780
J-WELL oh雨天長袖棉T(4色),網路價 $490
J-WELL 淘氣長頸鹿長袖棉T(4色),網路價 $490
寬鬆V領透膚蕾絲上衣(白色)-Kugi Girl,網路價 $680
韓風小高領鏤空純色顯色長袖上衣-天使波堤,網路價 $360
亞麻格子T恤棉麻套頭衫內搭上衣-設計所在,"網路價 $1,580"
純淨自然寬鬆印花竹節棉白色t恤長袖上衣-設計所在,"網路價 $1,180"
寬鬆時尚毛邊拼色破洞純棉t恤上衣-設計所在,"網路價 $1,280"
寬鬆竹節棉印花白色t恤上衣-設計所在,"網路價 $1,180"
寬鬆亞麻t恤下襬繫帶休閒棉麻套頭上衣-設計所在,"網路價 $1,480"
重工刺繡純棉T恤套頭衫內搭上衣-設計所在,"網路價 $1,180"
寬鬆時尚印花竹節棉白色t恤上衣-設計所在,"網路價 $1,180"
Jilli-ko 韓版短款綁帶針織馬甲-灰/杏,網路價 $690
碎花馬甲棉服棉襖馬夾外套-設計所在,"網路價 $1,780"
正韓 純色羊羔毛長款背心外套 (共三色)-N.C21,"網路價 $2,080"
IREAL 包色率100%撞色設計內搭針織背心,網路價 $590
U領豹紋鏤空露肚冬季短絨長袖上衣-天使波堤,網路價 $460
101原創 女款背心-茄紫,網路價 $249
AH dream夢想女孩 韓國學院風菱形格紋短款V領針織背心,網路價 $890
AH dream夢想女孩 刺繡細肩帶荷葉背心小可愛(5色),網路價 $630
V領印花針織背心-共6色(F可選) 初色,網路價 $749
V領拼色針織背心-共6色(F可選) 初色,網路價 $703
圓領針織鈕扣背心-共6色(F可選) 初色,網路價 $734
正韓 簡約時尚絨毛背心外套 (共三色)-N.C21,"網路價 $2,280"
中大尺碼 水晶鑽後刻繡花蕾絲挖背背心-La Belleza,網路價 $290
正韓 蠟筆色V領開衩長版針織背心 (共五色)-N.C21,"網路價 $1,250"
IREAL 純色厚感針織背心,網路價 $690
J-WELL蕾絲針織百搭背心,網路價 $480
正韓 V領開衩後長擺針織背心 (黑色)-W BABIES,網路價 $990
正韓 菱形紋路圓領無袖針織背心 (共三色)-W BABIES,"網路價 $1,250"
細肩帶針織露腰短版背心+短版針織毛衣小外套-天使波堤,網路價 $399
正韓 純色圓領細肩帶背心 (共七色)-N.C21,網路價 $390
慢 生活蕾絲拼貼肌理背心-F 淺卡,網路價 $890
慢 生活純色編織馬甲背心 綠色/深藍,網路價 $690
背心 正韓豹紋印花雪紡細肩帶無袖背心(黑咖) N2,網路價 $890
背心 正韓豹紋印花雪紡細肩帶無袖背心(白黑) N2,網路價 $890
慢 生活手織蕾絲背心 咖啡,網路價 $690
清新條紋V領口袋無袖背心 (共三色)-CIAO妞,網路價 $590
REESE 不修邊雙口長版外罩背心 黑,網路價 $646
REESE 粗針織透膚背心 杏,網路價 $315
La Belleza羅紋針織口袋木釦捲邊柔軟針織長版背心,網路價 $790
【Q-chic】立體大蝴蝶結雪紡背心襯衣 (象牙白),"網路價 $2,850"
正韓 側抓皺馬卡龍色彈性背心 (共五色)-N.C21,網路價 $750
La Belleza韓版雙口袋開衫麻花針織毛衣長版背心,網路價 $790
La Belleza坑條羅紋連帽雙口袋柔軟針織毛料長版背心,網路價 $790
上衣 蝴蝶結設計斜領無袖造型上衣(杏灰) N2,"網路價 $1,690"
上衣 蝴蝶結設計斜領無袖造型上衣(黑) N2,"網路價 $1,690"
La Belleza混色連帽無袖側口袋長版毛料針織背心罩衫,網路價 $690
【Q-chic】質感縷空緹花花紋背心 (共二色),"網路價 $1,350"
【Q-chic】亮麗純色素面挖背背心 (共三色),網路價 $649
可調式肩帶粉嫩色胸墊小可愛 (共五色)-Q-chic,網路價 $650
撕裂感簍空割破造型斜肩上衣(黑)-天使波堤,網路價 $499
TAKODA男款-輕盈抗菌機能防蚊衣(純米白),"網路價 $1,350"
TAKODA女款-輕盈抗菌機能防蚊衣(純米白),"網路價 $1,350"
TAKODA女款-輕盈抗菌機能防蚊衣(湖水藍),"網路價 $1,350"
TAKODA女款-輕盈抗菌機能防蚊衣(亮桃粉),"網路價 $1,350"
TAKODA男款-輕盈抗菌機能防蚊衣(深丈青),"網路價 $1,350"
TAKODA男款-輕盈抗菌機能防蚊衣(螢光黃),"網路價 $1,350"
TAKODA加倍機動2018新款 男士刷毛機能輕薄圓領保暖衣(藏藍色),"網路價 $1,380"
5B2F五餅二魚 吸濕發熱 刷毛保溫衣（素面-橫條）,網路價 $599
TAKODA加倍機動2018新款 男士刷毛機能輕薄圓領保暖衣(淺藍色),"網路價 $1,380"
TAKODA加倍機動2018新款 男士刷毛機能輕薄圓領保暖衣(綠色),"網路價 $1,380"
上衣 彈力百搭修身條紋高領長袖T恤(黑) N2,網路價 $690
上衣 彈力百搭修身條紋高領長袖T恤(灰) N2,網路價 $690
正韓 基本款彈性小高領條紋上衣(杏黑) N2,"網路價 $1,890"
女神顯瘦系內刷毛霧感皮褲(S-3L) SISTERS,網路價 $680
加厚保暖格子夾棉棉褲寬鬆休閒長褲-設計所在,"網路價 $1,780"
超厚加絨貼身仿牛仔褲-共3色(M-2XL可選) 初色,網路價 $484
繁花似錦/印花夾棉哈倫顯瘦長褲-設計所在,"網路價 $1,880"
寬鬆加厚加絨純棉休閒哈倫長褲子-設計所在,"網路價 $1,380"
寬鬆加厚加絨衛褲長褲-設計所在,"網路價 $1,480"
寬鬆毛呢褲子加厚休閒哈倫九分褲-設計所在,"網路價 $1,580"
簡約條紋保暖棉褲寬鬆加厚夾棉休閒束腳長褲-設計所在,"網路價 $1,580"
寬鬆高腰磨毛褶皺休閒小腳長褲-設計所在,"網路價 $1,880"
寬鬆加厚純棉格子棉休閒哈倫長褲-設計所在,"網路價 $1,480"
直紋磨毛內裡窄管內搭長褲(M-3L) SISTERS,網路價 $599
素面內刷毛窄管牛仔褲(M-3L) SISTERS,網路價 $599
Jilli-ko 鬆緊腰繫帶毛呢菸管褲-黑/深灰,網路價 $990
Jilli-ko 加絨內裏美型小腳鉛筆褲 -雪花黑,網路價 $820
慢 生活 厚棉款蕾絲反摺長褲-黃色/咖啡,網路價 $850
101原創 棉彈細緻斜紋窄管褲-女-黑,網路價 $690
101原創 棉彈細緻斜紋窄管褲-女-深邃藍,網路價 $690
101原創 棉彈細緻斜紋窄管褲-女-軍綠,網路價 $690
101原創 棉彈細緻斜紋窄管褲-女-丈青,網路價 $690
101原創 棉彈細緻斜紋窄管褲-女-深灰,網路價 $690
純色燈芯絨哈倫褲-共4色(M-2XL可選) 初色,網路價 $657
時尚舒適顯瘦休閒褲-黑色(M-2XL可選) 初色,網路價 $402
顯瘦百搭運動長褲-黑色(M-2XL可選) 初色,網路價 $420
加厚保暖貼身黑褲-黑色(M-2XL可選) 初色,網路價 $484
大口袋抽繩鬆緊腰工作褲/哈倫褲/老爺褲(M-3L) SISTERS,網路價 $689
Jilli-ko 加絨內裏美型小腳鉛筆褲-純黑,網路價 $790
韓妞顯瘦款內刷毛霧感皮褲(S-3L) SISTERS,網路價 $680
幾何拼色加絨燈芯絨褲子哈倫長褲-設計所在,"網路價 $1,680"
正韓 皮革光澤高腰拉鍊窄管褲 (黑色)-Q-chic,"網路價 $1,990"
寬鬆加厚保暖條紋休閒褲顯瘦哈倫長褲-設計所在,"網路價 $1,780"
褶皺風琴褲毛呢褲子羊毛呢子休閒長褲-設計所在,"網路價 $1,680"
高腰顯瘦西裝褲-共2色(M-XL可選) 初色,網路價 $810
文藝風拼接貼布寬鬆吊帶褲 (黑色)-4inSTYLE形設計,"網路價 $1,190"
La Belleza鬆緊腰抽繩加厚版側邊滾直條配色毛料寬管褲,網路價 $790
慢 生活 英倫格鬆緊腰摩毛煙管褲-黑色,網路價 $690
慢 生活 鬆緊腰挺闊西裝版長褲-黑色,網路價 $690
純色九分毛呢直筒褲-共3色(M-2XL可選) 初色,網路價 $825
織帶鬆緊腰彈力磨毛窄管內搭褲長褲 (M-3L) SISTERS,網路價 $599
COCO電繡側口袋窄管長褲/工作褲 (S-3L) SISTERS,網路價 $699
AH dream夢想女孩 秋季超顯瘦線條素色直筒褲九分褲(2色),網路價 $930
【La Belleza】橫條金銀黑線配色針織包臀窄裙,網路價 $308
Hera赫拉 寬鬆高腰格子毛呢褲(2款),網路價 $630
La Belleza黑色鬆緊腰皮短褲內裡加絨加厚側口袋亮面皮質短褲,網路價 $490
La Belleza黑色鬆緊腰圍斜口袋三角開叉折線皮質短褲,網路價 $490
側邊細條紋前短後長九分內搭褲 七色-mini嚴選,網路價 $590
Hera 赫拉 紙片人 防走光捲邊三分安全褲 豎條打底薄款寬鬆保險底褲,網路價 $220
La Belleza黑色鬆緊腰圍車線長方型口袋皮褲短褲,網路價 $490
正韓 個性光暈面雙壓扣短褲 (黑色)-N.C21,"網路價 $1,790"
REESE 高腰綁帶荷葉A字短褲,網路價 $357
La Belleza素色高腰鬆緊腰花苞附腰帶闊腿短褲,網路價 $490
La Belleza人字紋毛料鬆緊腰打折附綁帶短褲,網路價 $490
【Hera 赫拉】 大尺碼 運動短褲女夏季休閒純色三分褲韓版熱褲,網路價 $165
La Belleza假兩件含內襯防走光瑜伽跑步馬拉松滾邊運動短褲(紫紅),網路價 $390
正韓 附編織腰帶細條紋反摺管短褲 (共三色)-N.C21,"網路價 $1,150"
正韓 個性破損抓痕抽鬚管短褲 (共二色)-N.C21,"網路價 $1,080"
La Belleza雙線直條紋鬆緊腰附綁帶短褲裙薄款西裝布料,網路價 $490
正韓 潑墨格紋鬆緊腰寬管短褲 (共二色)-N.C21,"網路價 $1,150"
【Chic Girl】活潑亮彩螢光色休閒短褲 (共六色),網路價 $948
正韓 素面縫線摺痕中高腰短褲 (共二色)-N.C21,"網路價 $1,450"
側邊條抽繩綁帶口袋運動短褲 (共三色)-AQUA Peach,網路價 $331
La Belleza腰鬆緊抽繩側滾邊運動短褲,網路價 $490
正韓 縫線高腰側拉鍊亞麻短褲 (共五色)-W BABIES,"網路價 $1,280"
正韓 純色壓褶鬆緊腰寬管短褲 (共三色)-N.C21,"網路價 $1,280"
自然系純色棉麻口袋短褲 (共五色)-CIAO妞,網路價 $550
SUITANGTANG 前打摺休閒短褲-灰,網路價 $590
SUITANGTANG 簡約設計休閒短褲-黑,網路價 $690
SUITANGTANG 簡約設計休閒短褲-酒紅,網路價 $690
SUITANGTANG 前打摺休閒短褲-藏青,網路價 $590
正韓 純色棉麻縫摺寬管短褲 (共二色)-N.C21,"網路價 $1,280"
正韓 純色紋理高腰寬管短褲 (共二色)-N.C21,"網路價 $1,450"
La Belleza素色側口袋車線牛仔短褲,網路價 $490
La Belleza兩件式平口縮腰連身短褲加罩衫外套,網路價 $750
舒適清爽條紋亞麻短褲-TZ8781-設計所在,"網路價 $1,380"
短褲-手工毛邊亞麻寬鬆2色-K8743-設計所在,"網路價 $1,380"
夏季新款個性設計長短不一休閒褲五分褲-設計所在 K-357,"網路價 $1,280"
裙褲不規則拼雪紡鬆緊腰寬鬆五分褲-設計所在 MP1591,"網路價 $1,280"
寬鬆純棉牛仔短褲熱褲微喇褲-K1567-設計所在,"網路價 $1,180"
大口袋三釦邊吊帶短褲 (深藍色)-CIAO妞,網路價 $780
正韓 純色綁結鬆緊腰亞麻寬管短褲 (共三色)-W BABIES,網路價 $790
La Belleza層次柔軟蕾絲刻花防走光安全褲鬆緊彈性內襯短褲,網路價 $490
一字領蕾絲刺繡連身褲-OMUSES,"網路價 $1,680"
V領抹胸印花抽繩九分連身褲 (共二色)-Kugi Girl,"網路價 $1,150"
一字領連身褲裝-OMUSES,"網路價 $1,580"
印花露肩連身短褲-OMUSES,"網路價 $1,280"
V領連身短褲-OMUSES,"網路價 $1,580"
撞色條紋寬鬆連身吊帶褲 (共二色)-Kugi Girl,"網路價 $1,050"
REESE 輕薄棉麻吊帶連身寬褲 黑,網路價 $638
REESE 輕薄棉麻吊帶連身寬褲 杏,網路價 $638
翻領條紋排扣高腰連身褲 (藍色)-Kugi Girl,網路價 $990
連衣褲 簡約綁帶細肩帶連身長褲(黑) N2,網路價 $990
連衣褲 蕾絲提花細肩帶無袖縷空連身褲(白) N2,"網路價 $1,090"
條紋露背綁帶高腰連身褲 (共二色)-Kugi Girl,網路價 $890
素面雪紡雙肩帶高腰連身褲 (共二色)-Kugi Girl,網路價 $850
春夏暗黑風麻料背帶褲-設計所在,"網路價 $1,780"
素面壓褶寬鬆連身吊帶褲 (共二色)-Kugi Girl,"網路價 $1,050"
哈倫褲寬鬆大碼顯瘦潮大襠褲馬褲-設計所在 MP1332,"網路價 $1,180"
連身褲-牛藍亞麻文藝XK032-設計所在,"網路價 $2,880"
早秋刺繡中性帥氣寬鬆休閒連連褲裝K-528設計所在,"網路價 $1,880"
吊帶褲-文藝亞麻寬鬆寬管XK221-設計所在,"網路價 $1,880"
高品質亞麻背帶褲文藝寬管褲XK16608-設計所在,"網路價 $1,880"
寬鬆亞麻背帶褲文藝寬管褲XK16649-設計所在,"網路價 $1,780"
背帶褲寬鬆顯瘦哈倫休閒九分連身褲-設計所在MP1748,"網路價 $1,580"
韓版寬鬆哈倫連身九分背帶褲垮褲-設計所在 MP1527,"網路價 $1,980"
秋裝暗黑風顯瘦單邊背帶休閒連身褲K-525-設計所在,"網路價 $1,580"
夏季新款哈倫背帶褲大襠七分寬鬆連身褲-設計所在 MP1828,"網路價 $1,680"
亞麻吊帶褲文藝大碼寬管- X8479-設計所在,"網路價 $1,780"
La Belleza雙口袋牛仔吊帶闊腿褲牛仔連身吊帶寬褲,網路價 $690
綁帶式口袋寬鬆棉麻吊帶褲 (共二色)-CIAO妞,網路價 $590
吊帶收腰七分連身褲 二款-mini嚴選,網路價 $890
輕薄水洗連身縮口吊帶褲/牛仔褲 SISTERS,網路價 $599
V領花樣印花拼接流蘇連身褲裙 (花色)-ROANN,網路價 $799
La Belleza刺繡滾邊流蘇繫帶細肩縮腰棉麻連身短褲,網路價 $690
巴洛克印花雪紡連身褲裝-OMUSES,網路價 $599
韓版連身口袋吊帶褲寬褲 SISTERS中大碼,網路價 $790
La Belleza多口袋側排銅釦闊腿連身褲牛仔吊帶褲,網路價 $750
高腰抹胸綁帶連身褲 (共二色)-ROANN,網路價 $890
La Belleza一字領露肩後綁帶喇叭袖縮腰棉麻連身短褲,網路價 $690
復古文藝風休閒吊帶褲-深藍色(M-2XL可選) 初色,網路價 $485
綁帶可調雙口袋吊帶褲 二色-mini嚴選,網路價 $990
天使波堤-美式國旗針織連身洋裝比基尼泳裝,"網路價 $1,180"
旅途原品_飄遊_原創設計時尚寬鬆雙層結構闊腿褲-黑色,"網路價 $5,180"
慢 生活 半鬆緊皮帶孔雙層A字裙-磚紅/灰,網路價 $720
慢 生活 摩毛雙口袋八分寬口褲-黑/藍,網路價 $850
慢 生活 厚棉雙口袋蘿蔔褲-藍,網路價 $690
慢 生活 厚棉不對稱口袋工裝蘿蔔褲-卡其/黑,網路價 $890
慢 生活 毛帽刺繡厚棉蘿蔔褲-卡/藍,網路價 $990
慢 生活 鬆緊腰細格厚棉寬褲-黑,"網路價 $1,050"
慢 生活 燈芯絨鬆緊腰蘿蔔褲-咖/灰,網路價 $720
慢 生活 加厚半鬆緊可調扣寬褲-藍/咖啡,網路價 $890
慢 生活 蘇格紋口袋九分寬褲-咖啡/藍,網路價 $990
101原創 棉彈細緻斜紋九分寬褲-女-軍綠,網路價 $690
101原創 棉彈細緻斜紋九分寬褲-女-黑,網路價 $690
101原創 棉彈細緻斜紋九分寬褲-女-丈青,網路價 $690
Jilli-ko 韓版加厚毛呢闊腿褲-杏,網路價 $690
IREAL 鬆緊腰九分皮質顯瘦寬褲,"網路價 $1,180"
Katie Q 鬆緊腰壓摺紋寬褲-卡,網路價 $690
Jilli-ko 韓版捲邊毛呢闊腿褲-杏,網路價 $850
蕾絲刺繡拼接連身褲-OMUSES,"網路價 $1,980"
Jilli-ko 冬日毛呢綁帶通勤修飾褲-黑/深藍/淺灰格/深灰格,網路價 $450
文藝格紋棉麻寬褲-共2色(F可選) 初色,網路價 $532
IREAL 腰帶造型修長純色落地寬褲,"網路價 $1,080"
IREAL 側邊小開岔修長純色八分針織寬褲,"網路價 $1,080"
削肩繞頸連身褲-OMUSES,"網路價 $1,880"
慢 生活 厚棉款鏤空花邊寬褲-綠色/咖啡,"網路價 $1,080"
V領削肩百褶腰帶連身褲-OMUSES,"網路價 $1,880"
旅途原品_凡跡_原創設計羊絨闊腿褲 簡約百搭 超輕保暖-泰木花杏,"網路價 $15,180"
IREAL 保暖厚毛料格紋落地寬褲,"網路價 $1,490"
IREAL 附腰綁帶 ‧ 秋冬純色調落地寬褲,"網路價 $1,180"
慢 生活鬆緊斜口袋厚棉蘿蔔褲 灰藍/墨綠,網路價 $690
高腰不規則抽鬚九分寬褲 (藍色)-ROANN,網路價 $850
KT 壓摺紋波浪擺雪紡寬褲-黑/灰/卡,網路價 $514
KT 條紋鬆緊腰7分寬口褲-黑白,網路價 $710
KT 單寧休閒寬褲(附腰帶)-藍,網路價 $650
La Belleza鬆緊腰人字紋毛料附腰帶落地長褲闊腿褲,網路價 $850
長褲 正韓素面棉質九分休閒長寬褲 (咖) N2,"網路價 $1,290"
IREAL 長腿神救援 ‧ 筆挺純色落地寬褲,網路價 $980
KatieQ 風琴摺柔彈寬口褲-灰,網路價 $690
KatieQ 半鬆緊單寧修飾寬褲-黑/藍,網路價 $890
假兩件內加絨泡泡裙褲 (共三色)-CIAO妞,網路價 $387
素面內抓絨假兩件內搭裙褲 (共二色)-CIAO妞,網路價 $405
水洗刷色貓咪口袋窄管小直筒牛仔褲 (S-3L) SISTERS,網路價 $680
刷破感口袋電繡水洗小男友牛仔褲 (S-3L) SISTERS,網路價 $650
時尚毛邊純棉牛仔寬鬆哈倫長褲-設計所在,"網路價 $1,380"
迷彩印花純棉牛仔哈倫休閒長褲-設計所在,"網路價 $1,580"
寬鬆破洞刺繡棉質牛仔哈倫長褲-設計所在,"網路價 $1,380"
割破抽鬚彈力窄管牛仔褲 (S-3L) SISTERS,網路價 $680
破破感補丁刷色男友風牛仔褲 (S-3L) SISTERS,網路價 $680
笑臉口袋破損感窄管牛仔褲 (S-3L) SISTERS,網路價 $680
塗鴉印花寬鬆時尚毛邊純棉寬管牛仔九分褲-設計所在,"網路價 $1,380"
小蘭花刺繡純棉牛仔哈倫長褲-設計所在,"網路價 $1,380"
休閒毛邊牛仔寬鬆顯瘦小腳長褲-設計所在,"網路價 $1,380"
拼接條紋塗鴉純棉牛仔哈倫長褲-設計所在,"網路價 $1,380"
時尚塗鴉寬鬆盤扣棉牛仔哈倫九分褲-設計所在,"網路價 $1,380"
拼接條紋塗鴉純棉牛仔哈倫長褲-設計所在,"網路價 $1,380"
寬鬆毛邊棉牛仔哈倫九分褲-設計所在,"網路價 $1,480"
寬鬆破洞純棉牛仔褲哈倫長褲-設計所在,"網路價 $1,680"
時尚拼色破洞牛仔哈倫九分褲-設計所在,"網路價 $1,680"
寬鬆破洞純棉牛仔哈倫休閒長褲-設計所在,"網路價 $1,480"
滿天星刺繡純棉牛仔哈倫長褲-設計所在,"網路價 $1,380"
寬鬆刺繡破洞純棉牛仔哈倫長褲子-設計所在,"網路價 $1,380"
時尚毛邊雪花牛仔哈倫小腳褲-設計所在,"網路價 $1,580"
花仙子質感純棉刺繡牛仔寬鬆長褲-設計所在,"網路價 $1,380"
做舊鬆緊腰寬鬆刺繡牛仔哈倫小腳長褲-設計所在,"網路價 $1,380"
抓鬚破感刷色窄管牛仔褲(S-3L) SISTERS,網路價 $680
抓破刷色感厚刷毛牛仔褲(S-3L) 黑灰色 SISTERS,網路價 $899
格紋拼接抽鬚破破牛仔褲(S-3L) SISTERS,網路價 $680
抓破刷色感厚刷毛牛仔褲(S-3L) 藍色 SISTERS,網路價 $899
抽鬚破破感牛仔寬褲裙(S-XL) SISTERS,網路價 $680
101原創 基本修飾彈力牛仔褲-深藍,網路價 $499
101原創 基本修飾彈力牛仔褲-夜黑藍,網路價 $499
101原創 基本修飾彈力牛仔褲-藍,網路價 $499
深藍水洗牛仔寬褲裙(S-XL)-SISTERS,網路價 $699
韓版爆款收腹褲/丹寧牛仔褲(S-3L) SISTERS,網路價 $680
褲子 正韓刷舊下擺倒Ｖ抽鬚九分小喇叭牛仔褲(圖片色) N2,"網路價 $2,390"
雙車線口袋刷白男友風小直筒牛仔褲(S-3L) SISTERS,網路價 $680
韓系爆款鬆緊腰內磨毛窄管牛仔褲(S-3L) SISTERS,網路價 $690
小男友鬆緊腰皮標窄管牛仔褲(S-3L) SISTERS,網路價 $699
帥氣單寧英字縮口牛仔褲(S-3L) SISTERS,網路價 $699
英字迷彩縮口單寧長褲(S-3L) SISTERS,網路價 $699
KT 花朵刺繡牛仔褲-藍,網路價 $900
慢 生活 束帶邊條休閒運動褲-杏灰色,網路價 $690
休閒風九分毛呢小腳哈倫褲 (共二色)-CIAO妞,網路價 $990
文藝復古格紋縮口吊帶長褲 (共二色)-4inSTYLE形設計,"網路價 $1,050"
慢 生活 文藝直條棉麻縮腳褲-F 茶綠色,網路價 $890
不規則剪裁褲腳小腳九分褲 (黑色)-Kugi Girl,網路價 $663
復古水洗毛邊貼布哈倫褲 (黑色)-4inSTYLE形設計,"網路價 $1,350"
La Belleza花苞鬆緊高腰附腰帶可反折褲管哈倫褲,網路價 $690
La Belleza斜條紋鬆緊腰抽繩側滾邊下擺縮口九分褲,網路價 $490
La Belleza鬆緊腰抽繩三角紅色箭頭側白色滾邊縮口九分褲,網路價 $490
正韓 拼色條紋抽繩鬆緊腰縮口褲 (黑色)-W BABIES,"網路價 $1,480"
Lockers 木櫃 印花雪紡顯瘦哈倫九分褲-7款,網路價 $499
刷破九分縮口哈倫褲 (藍色)-CIAO妞,網路價 $650
La Belleza鬆緊腰抽繩側邊三條紋滾白邊束口褲運動褲,網路價 $490
La Belleza水洗布鬆緊腰抽繩褲腳縮縮口哈倫褲,網路價 $490
復古純色口袋九分哈倫褲 (共二色)-Kugi Girl,"網路價 $1,050"
101原創 素色口袋刷毛縮口褲-共4色,網路價 $369
101原創 H.H先生-Kiss口袋刷毛縮口褲-麻花籃,網路價 $399
中大尺碼 俐落曲線縮口棉褲 共二色-SISTERS,網路價 $589
La Belleza休閒寬鬆腰鬆緊棉麻縮口九分燈籠褲,網路價 $390
簡約高腰大口袋設計毛呢短褲 (共二色)-CiAO妞,網路價 $750
復古九分高腰印花燈籠褲 (黑色)-ROANN,網路價 $690
多色高腰彈力九分褲鉛筆褲 (共五色)-CiAO妞,網路價 $250
復古風純色高腰九分褲 (駝色)-ROANN,網路價 $932
復古高腰格紋九分西裝褲 (格紋)-Kugi Girl,網路價 $892
褲子 復古高腰下擺毛邊修身小喇叭九分牛仔褲 (淺藍) iFashion,"網路價 $1,090"
不規則下擺毛呢短裙 (共二色)-ROANN,"網路價 $1,090"
KT 網格拼接破洞繡花A字短裙-藍,網路價 $815
正韓 高腰側排扣不規則皮質短裙 (共二色)-W BABIES,網路價 $950
正韓 格紋高腰後拉鍊包臀短裙 (共二色)-N.C21,"網路價 $1,280"
正韓 高腰後拉鍊絨面皮質短裙 (共二色)-W BABIES,"網路價 $1,280"
正韓 個性高腰微開衩皮質短裙 (共二色)-N.C21,"網路價 $1,150"
IREAL 交疊不規則下擺扣飾短裙,網路價 $980
高腰雙排扣不對稱短裙 (卡其色)-CIAO妞,網路價 $580
正韓 千鳥紋高腰交疊開衩短裙 (共二色)-W BABIES,"網路價 $1,580"
正韓 大地色高腰開衩擺麂皮短裙 (共三色)-N.C21,"網路價 $1,080"
正韓 細緻豹紋後拉鍊高腰短裙 (棕色)-N.C21,"網路價 $1,080"
正韓 格紋拉鍊鬆緊腰荷葉擺短裙 (棕色)-W BABIES,"網路價 $1,280"
高腰素面荷葉裙擺短裙 (共三色)-AQUA Peach,網路價 $390
高腰波浪荷葉裙擺短裙 (千鳥格)-AQUA Peach,網路價 $390
正韓 千鳥流蘇邊針織高腰及膝窄裙 (黑色)-W BABIES,"網路價 $1,280"
正韓 個性亮面皮質高腰A字短裙 (黑色)-W BABIES,網路價 $990
線條修飾感後開岔窄裙 (共四色)-N.C21,網路價 $790
正韓 層次交疊高腰皮質短裙 (共三色)-W BABIES,"網路價 $1,480"
正韓 亮面豹紋荷葉邊高腰短裙 (黑色)-W BABIES,網路價 $990
正韓 深色系後拉鍊高腰皮質短裙 (共五色)-W BABIES,"網路價 $1,280"
EELADY-OL台製A字西裝裙,網路價 $980
EELADY-台製OL二側開叉西裝裙,網路價 $980
正韓 豹紋點點高腰包臀窄短裙 (共三色)-W BABIES,網路價 $950
正韓 純色中高腰包臀及膝窄裙 (共五色)-N.C21,網路價 $990
EELADY大尺碼-OL素面A字及膝裙,網路價 $980
EELADY大尺碼-OL。素面A字西裝裙,網路價 $980
EELADY大尺碼-OL素面高腰合身窄裙,網路價 $980
EELADY大尺碼-OL直紋布口袋壓摺窄裙,網路價 $980
正韓 復古扇子花紋開衩及膝窄裙 (紫色)-N.C21,"網路價 $1,450"
EELADY大尺碼-OL直紋布口袋A字西裝裙,網路價 $980
EELADY大尺碼-OL口袋彈性西裝裙,網路價 $980
EELADY大尺碼-OL二側假口袋西裝裙,網路價 $980
EELADY大尺碼-OL素面口袋彈性窄裙,網路價 $980
EELADY-腰鬆緊細紋蛋糕及膝裙,網路價 $980
EELADY大尺碼-OL細條紋口袋A字西裝裙,網路價 $980
EELADY大尺碼-腰間雙排扣抓皺窄裙,網路價 $980
EELADY大尺碼-OL雙排釦側邊抓皺短裙,網路價 $980
EELADY大尺碼-OL腰前打折西裝短裙,網路價 $980
EELADY大尺碼-OL附腰帶前扣式短裙,網路價 $980
EELADY-OL素面交叉格紋短裙,網路價 $980
旅途原品_同心_原創設計時尚不對稱解構H版型半身裙-藏青色,"網路價 $4,680"
旅途原品_厚朴_原創設計品質羊毛傘型半身裙-黑色,"網路價 $5,680"
Jilli-ko 鬆緊腰豹紋A字長裙-咖/灰,網路價 $890
Jilli-ko 鬆緊腰金絲絨壓摺長裙-灰/咖,網路價 $750
Jilli-ko 法式微甜風琴摺長裙-卡,網路價 $790
慢 生活 鬆緊腰側抓皺厚棉長裙-藍/深咖,網路價 $850
Jilli-ko 針織坑條開衩半身裙-咖啡色,網路價 $690
慢 生活 霧面鬆緊腰A字長裙-灰/藍,網路價 $850
Jilli-ko 加厚高腰毛呢格子中長裙-藍,網路價 $690
Jilli-ko 開衩針織坑條一步裙-深灰,網路價 $750
【KOMI】英倫風格紋毛呢A字裙‧有裡‧附皮帶 (三色),網路價 $980
【KOMI】質感針織毛線百褶長裙,網路價 $980
純色日系簡約棉麻口袋長裙 (共三色)-4inSTYLE形設計,網路價 $780
Jilli-ko 韓版排扣魚尾針織裙-黑,網路價 $790
寬鬆螺紋針織中長高腰裙-設計所在,"網路價 $1,380"
La Belleza高腰鬆緊腰綁帶毛球百摺毛料中長裙,網路價 $790
Jilli~ko 韓版流蘇針織A字裙-黑色/杏色,網路價 $820
慢 生活 蘇格紋鬆緊腰長裙-咖啡色,網路價 $820
慢 生活 設計款口袋中長裙-深藍,"網路價 $1,080"
慢 生活 蘇格紋鬆緊腰長裙-黑格,網路價 $820
IREAL 顯瘦心機 ‧ 小開岔純色針織窄裙,網路價 $980
IREAL 不規則接片造型長裙,"網路價 $1,080"
IREAL 顯瘦視覺感配色斜紋窄裙,網路價 $890
IREAL 修身顯瘦純色皮質窄裙,"網路價 $1,380"
La Belleza素色鬆緊腰坑條壓折下擺拼接蕾絲針織長裙,網路價 $850
側拉鏈過膝窄裙 淺卡其色-mini嚴選,網路價 $699
側拉鏈過膝窄裙 黑色-mini嚴選,網路價 $699
KT 腰頭撞釘PU皮長裙-黑,網路價 $930
IREAL 冬天也能愛漂亮．荷葉格紋磨毛長裙,網路價 $890
IREAL 穿出總監好比例．俐落單釦挺版長裙,網路價 $980
IREAL 厚磅質感鉤花毛線圓裙,"網路價 $1,280"
透膚多層次網紗蓬蓬半身裙 (共三色)-Kugi Girl,網路價 $690
V領格紋荷葉邊毛呢吊帶裙 (共二色)-Kugi Girl,網路價 $590
鬆緊腰豎條荷葉邊下擺針織裙-共3色(F可選) 初色,網路價 $718
鏤空織蕾絲坑條針織包臀裙 (黑色)-CIAO妞,網路價 $599
La Belleza豹紋鬆緊腰百摺裙大擺半身裙,網路價 $790
La Belleza兩面穿假兩件網紗拼接絲絨百褶裙光澤感大擺裙,網路價 $690
KatieQ 後開衩口袋針織鉛筆裙-灰/黑,網路價 $890
後彈性腰不規則魚尾裙 (格紋)-CIAO妞,網路價 $680
J-WELL 合摺釦飾長裙(2色),網路價 $580
101原創 素色口袋刷毛縮口褲-女-丈青,網路價 $590
101原創 素色口袋刷毛縮口褲-男-麻灰,網路價 $590
101原創 素色刷毛休閒褲-女-丈青,網路價 $590
101原創 素色口袋刷毛縮口褲-男-丈青,網路價 $590
101原創 素色口袋刷毛縮口褲-女-麻灰,網路價 $590
101原創 素色刷毛休閒褲-女-麻灰,網路價 $590
101原創 素色刷毛休閒褲-男-丈青,網路價 $590
內刷毛短褲假兩件內搭褲(一般碼/加大) SISTERS,網路價 $599
格紋內刷毛內搭褲裙(M-3L) SISTERS,網路價 $599
La Belleza鬆緊高腰內裡毛圈絨毛黑色內搭褲,網路價 $390
IREAL 莞美下身 ‧ 內磨毛酷黑霧感皮質內搭褲,網路價 $590
La Belleza豹紋拼接鬆緊腰圍內裡磨毛厚棉九分內搭褲,網路價 $490
La Belleza鬆緊腰褲腳拼接黑白羅紋條紋內裡磨毛厚棉九分內搭褲,網路價 $490
La Belleza鬆緊腰側拼接紅白綠條三色條紋內裡加絨厚棉內搭褲,網路價 $490
La Belleza鬆緊腰側滾邊紅色雙槓條紋內裡加絨厚棉內搭褲,網路價 $490
超保暖加厚內刷毛踩腳內搭褲 (綠色)-CiAO妞,網路價 $331
莫代爾彈力內刷毛內搭褲 SISTERS,網路價 $399
韓系假兩件字母割破感內磨毛內搭褲(M-3L) SISTERS,網路價 $550
裙擺貼鑽假兩件內搭褲(M-3L) SISTERS,網路價 $550
Hera 赫拉 時尚大碼純棉九分打底褲(5色),網路價 $199
La Belleza迷彩側拉鍊口袋內裡加絨加厚鋪絨毛保暖內搭褲(加大),網路價 $490
La Belleza歐美風皮褲內裡加絨加厚超厚鋪絨毛皮質內搭褲(加大),網路價 $490
La Belleza素面黑內裡搖粒絨保暖彈性厚棉內搭褲,網路價 $390
側邊白條紋PU皮內搭褲 (黑色)-CIAO妞,網路價 $501
超保暖加厚內刷毛踩腳內搭褲 (共六色)-CiAO妞,網路價 $390
純色加絨小腳內搭褲 (共五色)-CIAO妞,網路價 $616
骷顱圖案內加絨包臀假兩件裙褲 (深灰色)-CIAO妞,網路價 $590
內裡加絨仿皮革內搭褲 (黑色)-CIAO妞,網路價 $290
超保暖加厚內刷毛踩腳內搭褲 (藏青色)-CiAO妞,網路價 $390
超保暖加厚內刷毛踩腳內搭褲 (灰色)-CiAO妞,網路價 $390
超保暖加厚內刷毛踩腳內搭褲 (咖啡色)-CiAO妞,網路價 $331
假兩件彈性厚棉內搭褲裙(M-2L) SISTERS,網路價 $550
保暖厚內刷毛打底內搭褲(M-2L) SISTERS,網路價 $499
超保暖加厚內刷毛踩腳內搭褲 (酒紅色)-CiAO妞,網路價 $331
車縫線內刷毛仿丹寧內搭褲 (共二色)-CiAO妞,網路價 $590
超保暖加厚內刷毛踩腳內搭褲 (黑色)-CiAO妞,網路價 $331
中大尺碼 加大內刷毛假兩件厚綿短裙貼腿內搭褲-SISTERS,網路價 $599
下擺字母九分內搭褲 四色-mini嚴選,網路價 $550
前後口袋彈性九分內搭褲 九色-mini嚴選,網路價 $690
La Belleza鬆緊腰白色雙槓條紋滾邊皮褲內裡刷毛PU皮質黑色內搭褲,網路價 $490
個性大口袋牛仔褲裙 (S-3L) SISTERS,網路價 $599
刷色抽鬚割破前開衩牛仔裙(S-3L) SISTERS,網路價 $699
正韓 個性貓爪抽鬚內刷毛牛仔褲 (藍色)-N.C21,"網路價 $1,150"
破破抽鬚裙擺開衩牛仔吊帶裙(M-3L) SISTERS,網路價 $980
韓風破損感開叉後鬆緊牛仔裙(M-3L) SISTERS,網路價 $699
直筒側排扣口袋牛仔吊帶裙 (深藍色)-CIAO妞,網路價 $699
韓系刷破側開叉後鬆緊牛仔裙(M-3L) SISTERS,網路價 $699
破破感後開叉牛仔裙(M-3L) SISTERS,網路價 $699
正韓 雙口袋抽鬚裙擺牛仔吊帶裙 (藍色)-W BABIES,"網路價 $1,590"
正韓 刷破挖洞彈性腰部牛仔褲 (藍色)-W BABIES,"網路價 $1,390"
多口袋休閒牛仔吊帶裙 (牛仔色)-ROANN,網路價 $799
正韓 個性抓鬚剪破喇叭管牛仔褲 (藍色)-N.C21,"網路價 $1,690"
高含棉水洗刷色牛仔褲裙 (S-3L) SISTERS,網路價 $599
水洗牛仔大口袋寬鬆吊帶裙 (黑色)-4inSTYLE形設計,網路價 $780
正韓 刷洗色破損窄管牛仔褲 (藍色)-Q-chic,"網路價 $1,680"
正韓 珠珠刷洗色破損抽鬚牛仔褲 (藍色)-W BABIES,"網路價 $1,650"
蝴蝶結綁帶後長牛仔裙(共二色)-Kugi Girl,網路價 $650
正韓 不規則抽鬚修身小喇叭牛仔褲 (淺藍色)-W BABIES,"網路價 $1,750"
針織花紋拼接口袋牛仔褲 (藍色)-Seoul Holic,"網路價 $1,088"
正韓 開衩抽鬚管七分牛仔褲 (藍色)-N.C21,"網路價 $1,450"
小清新拼接毛邊高腰不規則牛仔裙 (藍色)-ROANN,網路價 $799
不規則裂腰破損設計牛仔短裙 (藍色)-CIAO妞,網路價 $690
復古水洗刷色拼接牛仔吊帶裙 (藍色)-4inSTYLE形設計,"網路價 $1,050"
寬鬆棉質牛仔中長高腰裙-Q2109-設計所在,"網路價 $1,380"
刺繡毛邊純棉牛仔中長裙高腰裙-Q1920-設計所在,"網路價 $1,280"
洋裝-全棉側拉鍊牛仔吊帶裙/設計所在SQ236,"網路價 $1,780"
排扣刷破毛鬚邊牛仔裙 (藍色)-CIAO妞,網路價 $690
腰帶設計開衩牛仔裙 (共二色)-CIAO妞,網路價 $690
正韓 純色刷破抽鬚窄管牛仔褲 (淺藍色)-N.C21,"網路價 $1,250"
正韓 漸層洗色抓鬚刷破牛仔褲 (藍色)-N.C21,"網路價 $1,150"
韓系洗色磨毛裡窄管牛仔褲 (灰色)-Q-chic,"網路價 $1,828"
正韓 貓抓抽鬚破損窄管牛仔褲 (藍色)-N.C21,"網路價 $1,480"
正韓 貓抓痕反摺拼色窄管牛仔褲 (藍色)-N.C21,"網路價 $1,550"
正韓 洗色抓鬚破損窄管牛仔褲 (淺藍色)-N.C21,"網路價 $1,790"
正韓 貓鬚水洗刷色窄管牛仔褲 (藍色)-Q-chic,"網路價 $1,233"
一片式紐扣設計開衩牛仔裙 (深藍色)-CIAO妞,網路價 $680
正韓 抓痕破損洗色窄管牛仔褲 (淺藍色)-W BABIES,"網路價 $1,480"
正韓 勾破刷色不修邊窄管單寧褲 (藍色)-N.C21,"網路價 $2,090"
中大尺碼 潑漆破損感牛仔褲裙-SISTERS,網路價 $599
波浪擺吊帶牛仔短裙(灰色)-Kugi Girl,網路價 $890
IREAL 時尚達人熱推．鬆緊配色織帶百褶裙,"網路價 $1,180"
KT 雪紡拼接撞色百褶裙-白,"網路價 $1,000"
KT 彩色條紋開叉百褶雪紡裙-綠,"網路價 $1,000"
立體繡花網紗百褶紗裙 (共三色)-CIAO妞,網路價 $690
IREAL 女神款 ‧ 側綁帶光澤感百褶長裙,"網路價 $1,180"
素面坑條紋大擺百褶針織長裙 (共二色)-CIAO妞,網路價 $690
透膚拼接網紗百褶半身裙 (共三色)-Kugi Girl,網路價 $690
J-WELL法式風情綻美紫蕾絲長裙,網路價 $520
兩穿式百褶蕾絲長裙(共二色)-OOTD,網路價 $790
【KOMI】普普藝術百褶裙‧有內裡,網路價 $980
百褶高腰短款PU皮短裙 (黑色)-ROANN,網路價 $490
春新款港風裙褲鬆緊腰拼雪紡不規則百褶顯瘦褲裙-設計所在 MP1795,"網路價 $1,580"
早秋垂感薄中長百褶裙長裙-059-設計所在,"網路價 $1,780"
夏季新款港風高腰中長鬆緊腰修身顯瘦百褶裙-設計所在 MP1833,"網路價 $1,480"
高腰拼接百褶網紗大擺長裙 (共三色)-Kugi Girl,網路價 $690
雪紡斗篷旗袍洋裝-OMUSES,"網路價 $1,680"
蕾絲拼接裙襬旗袍洋裝-OMUSES,"網路價 $1,680"
荷葉領印花前短後長洋裝-OMUSES,"網路價 $1,680"
風琴細褶宮廷袖收腰雪紡洋裝 (共二色)-CIAO妞,"網路價 $1,325"
蕾絲刺繡前短後長旗袍洋裝-OMUSES,"網路價 $1,880"
V領坑條紋九分袖針織洋裝 (共三色)-ROANN,網路價 $999
【KOMI】蝴蝶結繡花棉襯衫洋裝 (二色),網路價 $980
小香風V領拼接流蘇A字針織洋裝 (共二色)-ROANN,"網路價 $1,390"
網紗拼接條紋翻領短袖洋裝 (共三色)-Kugi Girl,網路價 $690
正韓 細肩帶荷葉邊領收腰洋裝 (黑色)-W BABIES,"網路價 $1,190"
正韓 寬鬆五分袖荷葉邊連身洋裝 (共五色)-W BABIES,"網路價 $1,280"
花邊圓領撞色拼接喇叭袖洋裝 (藍色)-ROANN,"網路價 $1,190"
圓領撞色拼接條紋包臀洋裝 (黑色)-ROANN,"網路價 $1,390"
英倫風假兩件拼接針織連衣裙(共兩色)-Kugi Girl,"網路價 $1,350"
假兩件圓領拼接豹紋洋裝 (黑色)-Kugi Girl,"網路價 $1,305"
假兩件圓領撞色拼接A字針織洋裝 (共三色)-ROANN,網路價 $950
La Belleza女人花朵印花圖片棉質背心洋裝XL~4L,網路價 $590
優雅碎花荷葉邊裙襬連身洋裝(共三色)-OOTD,網路價 $599
V領印花無袖高腰洋裝 (花色)-ROANN,"網路價 $1,350"
一字領鏤空蕾絲短袖洋裝 (白色)-ROANN,"網路價 $1,190"
圓領縷空蕾絲拼接荷葉邊針織洋裝 (共二色)-ROANN,"網路價 $1,150"
正韓 素面內刷毛魚尾長袖洋裝 (共二色)-W BABIES,"網路價 $1,650"
純色圓領下擺開衩短袖洋裝 (共二色)-ROANN,網路價 $580
渲染碎花收腰帶雪紡洋裝(紅色)-Kugi Girl,網路價 $780
圓領不規則拼接條紋寬鬆洋裝 (黑色)-4inSTYLE形設計,網路價 $950
正韓 孔雀羽綁帶長短擺蕾絲洋裝 (共二色)-W BABIES,"網路價 $1,550"
正韓 粉彩色磨毛棉質連帽洋裝 (共六色)-W BABIES,"網路價 $1,750"
不規則撞色拼接七分袖洋裝 (撞色)-ROANN,網路價 $880
復古印花開衩無袖洋裝 (花色)-ROANN,"網路價 $1,280"
正韓 字母條紋長袖連帽洋裝 (黑色)-W BABIES,網路價 $950
正韓 點點領結長袖百褶裙洋裝 (共三色)-N.C21,"網路價 $1,003"
小清新圓領碎花印花短袖洋裝 (淺黃色)-ROANN,"網路價 $1,090"
圓領拼接花邊縷空蕾絲洋裝 (共二色)-4inSTYLE形設計,"網路價 $1,250"
娃娃領假兩件拼接毛呢洋裝 (藏青色)-CIAO妞,網路價 $750
混色系字母高領針織洋裝 (共二色)-CIAO妞,網路價 $580
正韓 優雅彈性長袖針織連身洋裝 (共三色)-W BABIES,網路價 $990
坑條小V領燈籠袖針織洋裝 (共三色)-Kugi Girl,"網路價 $1,350"
木耳花邊V領假兩件撞色拼接洋裝 (黑色)-ROANN,網路價 $990
小清新拼接後背蝴蝶結無袖洋裝 (杏色)-Kugi Girl,網路價 $690
小清新圓領七分袖洋裝附腰帶 (共二色)-ROANN,"網路價 $1,350"
寬鬆時尚不規則亞麻條紋棉麻洋裝-設計所在,"網路價 $2,180"
立領亞麻條紋棉麻襯衫裙氣質長洋裝-設計所在,"網路價 $2,180"
扎花刺繡純棉中長洋裝-設計所在,"網路價 $1,780"
寬鬆中長版棉麻格子襯衫裙開衫外搭-設計所在,"網路價 $1,780"
迷宮綉線苧麻格子棉麻襯衫長洋裝-設計所在,"網路價 $2,280"
棉麻格子中長版寬鬆套頭洋裝-設計所在,"網路價 $1,880"
深V包邊翻領不規則魚尾裙長袖洋裝 (藏青色)-ROANN,"網路價 $1,250"
【KOMI】棉絨內刷毛格紋下襬長洋裝(共二色),"網路價 $1,480"
【KOMI】粗針手鉤感麻花辮毛線針織洋裝(共二色),"網路價 $1,980"
重工刺繡中長版棉麻格子襯衫裙收腰-設計所在,"網路價 $2,180"
圓領雪花花紋中長款針織洋裝 (共二色)-4inSTYLE形設計,"網路價 $1,050"
撞色翻領鈕扣裝飾長袖洋裝 (黑色)-ROANN,網路價 $880
純色圓領寬鬆長款洋裝 (共二色)-4inSTYLE形設計,"網路價 $1,450"
高領混色編織中長款洋裝 (共二色)-4inSTYLE形設計,"網路價 $1,190"
高領坑條紋長款包臀針織洋裝 (共三色)-ROANN,"網路價 $1,250"
復古字母印花長袖長款連帽洋裝 (共二色)-OOTD,網路價 $950
半高領撞色拼接長袖針織洋裝 (共三色)-ROANN,"網路價 $1,050"
小清新純色立體星星壓紋長袖針織洋裝 (共二色)-ROANN,"網路價 $1,190"
小香風翻領撞色包邊長袖洋裝 (黑色)-ROANN,網路價 $950
素面圓領不規則魚尾長袖洋裝 (黑色)-Kugi Girl,"網路價 $1,380"
圓領木耳邊假兩件長款針織洋裝 (共二色)-Kugi Girl,"網路價 $1,450"
文藝風拼接羊羔絨寬鬆長款連帽洋裝 (黑色)-4inSTYLE形設計,"網路價 $1,035"
復古英倫風格紋加絨長袖洋裝 (深藍色)-OOTD,"網路價 $2,180"
假兩件透膚點點長袖洋裝 (圓點)-ROANN,網路價 $990
翻領彩色綁帶長袖洋裝 (共四色)-ROANN,網路價 $790
假兩件拼接透膚蕾絲長袖針織洋裝 (共二色)-ROANN,"網路價 $1,650"
木耳邊高領長袖針織洋裝 (綠色)-CIAO妞,網路價 $990
寬鬆純色坑條長版毛衣裙洋裝 (共二色)-AQUA Peach,網路價 $790
V領坑條長袖開衩針織洋裝 (共二色)-CIAO妞,網路價 $950
圓領針織長袖拼接雪紡洋裝 (共四色)-CIAO妞,網路價 $748
V領混色編織長袖針織洋裝 (共三色)-ROANN,網路價 $990
加絨包臀連身長裙連帽洋裝 (共三色)-CiAO妞,網路價 $790
度假風一字領鬆緊抹胸長款洋裝 (酒紅色)-ROANN,"網路價 $1,180"
點點雪紡荷葉短袖長洋裝 (黑色)-Kugi Girl,"網路價 $1,590"
半高領純色坑條紋中長款針織洋裝 (共二色)-ROANN,"網路價 $1,250"
圓領混色長袖針織洋裝 (共二色)-CIAO妞,網路價 $850
高領直條紋大口袋長袖洋裝 (黑色)-4inSTYLE形設計,"網路價 $1,150"
純色燈芯絨連帽長袖洋裝 (灰色)-4inSTYLE形設計,網路價 $950
中國風交疊V領仙鶴圖紋長款洋裝 (藍花)-ROANN,"網路價 $1,350"
圓領蝴蝶結拼接蕾絲長袖洋裝 (灰色)-ROANN,網路價 $850
【AIRKOREA正韓空運】腰帶雙色拼接連衣裙,"網路價 $2,280"
法式蕾絲伴娘短禮服-OMUSES,"網路價 $1,080"
雪紡前短後長伴娘禮服-OMUSES,"網路價 $1,480"
蕾絲緞伴娘小禮服-OMUSES,網路價 $980
花苞平口伴娘短禮服-OMUSES,網路價 $980
歐根紗花朵伴娘禮服-OMUSES,"網路價 $1,280"
刺繡拼接歐根紗絲絨印花短禮服-OMUSES,"網路價 $1,580"
前短後長刺繡網禮服-OMUSES,"網路價 $1,880"
法式挺版伴娘禮服-OMUSES,"網路價 $1,180"
蕾絲拼接雪紡伴娘婚紗短禮服-OMUSES,"網路價 $1,680"
氣質挺版伴娘小禮服-OMUSES,"網路價 $1,280"
歐根紗亮片伴娘短禮服-OMUSES,"網路價 $1,280"
深V透視網紗拼接縮腰傘擺長袖洋裝-天使波堤,網路價 $699
深V拼接不規則交叉裙擺縮腰包臀長袖洋裝(共三色)-天使波堤,網路價 $660
氣質顯瘦針織連身裙-共3色(F可選) 初色,"網路價 $1,068"
惹火尤物前後二穿裸露高領針織繫帶長上衣超短洋裝(共二色)-天使波堤,網路價 $599
旅途原品_兩言_原創設計苧麻棉麻寬鬆A字連衣裙-褐/藍,"網路價 $5,180"
中長款荷葉邊連身裙-共2色(M-2XL可選) 初色,網路價 $612
經典條紋連身裙-條紋(M-2XL可選) 初色,網路價 $597
旅途原品_文語_原創設計天絲亞麻文字印花寬鬆襯衫裙-褐色,"網路價 $6,180"
深V露腰鏤空側開叉連身裙純色顯瘦短洋裝(黑)-天使波堤,網路價 $699
旅途原品_豐淳_原創設計時尚繭型羊毛連衣裙-黑色,"網路價 $7,180"
Jilli-ko 韓版INS長款馬甲針織連衣裙-深灰,網路價 $920
J-WELL 純色剪接棉洋裝,網路價 $720
J-WELL 豹紋剪接長版連帽T(2色),網路價 $840
正韓 拼蕾絲高領長袖針織洋裝 (共二色)-W BABIES,"網路價 $1,080"
慢 生活 粗毛線麻花針織背心裙-深卡其/綠,網路價 $920
中長版寬鬆螺紋毛衣針織衫洋裝-設計所在,"網路價 $1,580"
Jilli-ko 韓版加絨保暖連衣裙-黑,網路價 $980
深V美脖閃亮吊帶包臀洋裝緊身連衣裙(咖啡色M)-天使波堤,網路價 $599
Jilli-ko 半高領套頭針織連身裙-橘/粉紅,網路價 $850
慢 生活 水洗色織方格連身裙-橘紅格/綠紫格,網路價 $990
Katie Q 風琴摺束腰針織連衣裙-黑/杏,"網路價 $1,200"
Jilli-ko 長綁帶針織連身裙-杏,網路價 $790
半高領刺繡中長款洋裝-共4色(F可選) 初色,網路價 $764
IREAL 設計感開岔袖純色針織洋裝,網路價 $780
透視蕾絲拼接露胸包臀洋裝名媛連身裙-天使波堤,網路價 $660
十字露背圓領顯瘦短袖閃亮黑裙洋裝-天使波堤,網路價 $599
Jilli-ko 韓版高領粗毛線針織連衣裙-白,"網路價 $1,080"
Jilli-ko 娃娃領繫帶針織連身裙-白杏,"網路價 $1,420"
淨色毛衣裙中長版套頭高領針織衫-設計所在,"網路價 $2,180"
垂墜休閒花線套頭毛衣裙內搭針織衫長洋裝-設計所在,"網路價 $2,180"
IREAL 閨密出遊款 ‧ 寬大有型襯衫式洋裝,"網路價 $1,680"
IREAL BFF閨密款．太空棉連帽荷葉擺洋裝,"網路價 $1,180"
蕾絲美背針織洋裝-OMUSES,"網路價 $1,680"
Jilli-ko 後排釦針織條紋連衣裙-黑條,網路價 $950
針織蕾絲拼接裙襬洋裝-OMUSES,"網路價 $1,680"
IREAL 可當洋裝-扭結露肩內刷毛長上衣,網路價 $890
正韓 一字領飛鼠袖窄裙針織洋裝 (共三色)-W BABIES,"網路價 $1,190"
復古連身燈籠裙-共4色(M-2XL可選) 初色,網路價 $549
時尚舒適格子連衣裙-共3色(L-2XL可選) 初色,網路價 $688
Jilli~ko 韓版蝴蝶結領顯瘦連衣裙-黑色,"網路價 $1,080"
露肩印花雪紡長洋裝-OMUSES,"網路價 $1,980"
圓領拼接透膚縷空蕾絲露肩洋裝 (白色)-ROANN,"網路價 $1,150"
細肩帶蝴蝶結宴會小禮服-OMUSES,"網路價 $2,380"
純色V領露肩七分袖洋裝 (共二色)-ROANN,"網路價 $1,280"
堆領露肩開衩針織連衣裙 (共三色)-ROANN,"網路價 $2,150"
露肩貼身包臀洋裝-OMUSES,"網路價 $1,380"
度假風V領露肩喇叭袖雪紡洋裝 (紅花)-ROANN,網路價 $790
V字領條紋露肩短袖洋裝 (共二色)-ROANN,網路價 $950
露肩拼接透膚荷葉花邊短袖洋裝 (花色)-ROANN,"網路價 $1,050"
蕾絲削肩長洋裝-OMUSES,"網路價 $1,980"
一字領高腰優雅刺繡鏤空度假風長裙洋裝 (白) N2,"網路價 $1,290"
復古碎花印花露肩雪紡洋裝 (共二色)-ROANN,網路價 $850
純色設計花瓣露肩袖連身洋裝 (共二色)-CIAO妞,網路價 $580
細肩帶V領雪紡中長洋裝-OMUSES,"網路價 $1,680"
重工藝蕾絲簍空長洋裝-OMUSES,"網路價 $2,680"
洋裝 渡假風寬鬆彩色流蘇連身裙 N2,網路價 $690
一字荷葉領開岔裙襬洋裝-OMUSES,"網路價 $1,680"
一字領蕾絲壓褶短禮服-OMUSES,"網路價 $2,680"
削肩菱格紋睫毛洋裝-OMUSES,"網路價 $1,580"
洋裝 雪紡一字領細壓紋收腰拼接連身長裙(黑) N2,網路價 $990
洋裝 一字領平口荷葉邊葉子印花短版連身洋裝 N2,"網路價 $1,090"
圓領單邊露肩撞色拼接七分袖洋裝 (黑色)-OOTD,"網路價 $1,450"
削肩荷葉不規則裙襬洋裝-OMUSES,"網路價 $1,980"
細肩帶雪紡荷葉領長洋裝-OMUSES,"網路價 $1,680"
削肩幾何印花前短後長洋裝-OMUSES,"網路價 $1,880"
蕾絲削肩洋裝-OMUSES,"網路價 $1,680"
深V細肩帶印花雪紡洋裝-OMUSES,"網路價 $1,380"
細肩帶蕾絲雪紡洋裝-OMUSES,"網路價 $1,880"
細肩綁帶荷葉領洋裝-OMUSES,網路價 $690
吊帶一字領露肩太陽花連身裙 (黑色)-CiAO妞 holiday,網路價 $908
波浪一字領露肩短袖洋裝 (共二色)-ROANN,網路價 $880
一字領露肩棕梠葉印花細肩帶洋裝 (共二色)-ROANN,網路價 $790
透視網紗圓領露肩短袖洋裝 (共二色)-ROANN,"網路價 $1,150"
純色拼接露肩綁帶細肩帶短款洋裝 (黑色)-ROANN,"網路價 $1,290"
小清新圓領露肩碎花印花短袖洋裝 (淺藍色)-ROANN,"網路價 $1,050"
【AIRKOREA正韓空運】亞麻露肩連衣裙,"網路價 $1,480"
拼接透膚網紗露肩縷空蕾絲洋裝 (白色)-ROANN,網路價 $990
細肩荷葉領美背長洋裝-OMUSES,網路價 $980
削肩雪紡拼接荷葉領洋裝-OMUSES,"網路價 $1,380"
露肩蕾絲裙擺前短後長洋裝-OMUSES,"網路價 $1,880"
兩件套亞麻套裝短外套休閒九分褲-設計所在,"網路價 $2,480"
Jilli-ko 兩件套針織毛衣套裝-橘/米白,網路價 $690
不規則套裝t恤上衣寬管裙褲五分褲-設計所在,"網路價 $2,180"
連帽上衣+加厚長褲兩件套 (淺灰)-ROANN,"網路價 $1,062"
坑條紋毛衣+V領背心裙兩件套 (共二色)-ROANN,"網路價 $1,250"
翻領格紋外套+格紋短裙兩件套 (格紋)-ROANN,"網路價 $1,550"
馬甲封腰三件式時尚套裝 (格紋)-ROANN,"網路價 $1,317"
鹿皮絨平口綁脖小可愛+單側穿繩露腿短裙(共二色)-天使波堤,網路價 $699
Jilli-ko 金絲絨休閒運動套裝-黑,網路價 $820
休閒風撞色拼接兩件式褲套裝 (黑色)-4inSTYLE形設計,"網路價 $1,650"
坑條紋毛衣+格紋短裙兩件套 (共二色)-ROANN,"網路價 $1,390"
休閒風撞色條紋兩件式褲套裝 (黑色)-4inSTYLE形設計,"網路價 $1,790"
Jilli-ko 兩件套針織衫背心裙-深灰,網路價 $690
撞色拼接兩件式針織裙套裝 (共三色)-ROANN,網路價 $899
坑條紋針織上衣+純色吊帶裙兩件套 (共二色)-ROANN,網路價 $950
AH dream夢想女孩 純色一字領針織衫連身裙兩件式套裝(3色),網路價 $930
字母T恤+蝴蝶結綁帶高腰吊帶裙兩件套 (粉色)-ROANN,"網路價 $1,050"
條紋襯衫+透膚網紗裙兩件套 (條紋)-ROANN,"網路價 $1,190"
露肩七分袖上衣+短款蓬蓬裙兩件套 (黑色)-ROANN,"網路價 $1,180"
正韓文字開衩短版上衣Ｘ荷葉邊長裙套裝 N2,"網路價 $2,390"
泡泡袖毛衣+波紋毛呢半身裙兩件套 (姜黃色)-ROANN,"網路價 $1,096"
格子針織兩件式裙裝-共3色(F可選) 初色,"網路價 $1,227"
正韓 針織上衣+細肩棋盤格洋裝兩件套 (黑色)-W BABIES,"網路價 $1,780"
正韓 半高領針織洋裝+綁帶背心兩件套 (共二色)-W BABIES,"網路價 $2,380"
小清新字母印花兩件式裙套裝 (藏青色)-ROANN,"網路價 $1,150"
圓領泡泡袖毛衣+印花短裙兩件套 (花色)-ROANN,"網路價 $1,350"
圓領套頭背心針織裙套裝-共5色(F可選) 初色,"網路價 $1,010"
V領針織背心雪紡洋裝套裝-共3色(F可選) 初色,"網路價 $1,371"
休閒風撞色拼接兩件式褲套裝 (共二色)-4inSTYLE形設計,"網路價 $1,650"
透膚蕾絲洋裝+蕾絲網紗長裙兩件套 (杏色)-ROANN,"網路價 $1,350"
休閒風拼接條紋兩件式褲套裝 (黑色)-ROANN,"網路價 $1,190"
KaleenaQueen 高雅貴氣燙鑽絲絨套裝-黃/桃,"網路價 $3,980"
拼接羊羔絨連帽上衣+九分褲兩件套 (共二色)-CIAO妞,"網路價 $1,050"
甜美木耳褶兩件式針織裙套裝 (共三色)-CIAO妞,"網路價 $1,050"
針織上衣+格紋吊帶長裙兩件套 (共二色)-ROANN,"網路價 $1,250"
正韓 V領坑條針織外套+針織長裙套裝 (共三色)-N.C21,"網路價 $2,490"
圓領針織上衣+格紋排扣吊帶裙兩件套 (紅色)-Kugi Girl,"網路價 $1,650"
旅途原品_呼吸 原創設計專業運動健身瑜珈休閒套裝-米白,"網路價 $2,580"
印花短袖T恤+直條紋半身裙兩件套 (白+藍色)-ROANN,網路價 $799
高領長袖上衣+背心洋裝 兩件套 (共四色)-ROANN,"網路價 $1,050"
KaleenaQuee 花開蝶舞絲絨旗袍-綠,網路價 $990
KaleenaQueen 馨香花朵絲絨旗袍-紅,網路價 $990
KaleenaQueen 奢華蕾絲風盪鑽絲絨洋裝-紅,"網路價 $2,980"
KaleenaQueen 高貴千金亮鑽絲絨洋裝-黃,"網路價 $3,980"
KaleenaQueen 花語傳情絲絨洋裝-桃,"網路價 $3,680"
KaleenaQueen 雍容華貴亮鑽絲絨洋裝-黃,"網路價 $1,680"
KaleenaQueen 名伶品味亮鑽絲絨洋裝-黑,"網路價 $1,680"
KaleenaQueen 奢華燙鑽絲絨2件式洋裝-紫,"網路價 $1,680"
KaleenaQueen 魅力不減絲絨燙鑽洋裝-紅,"網路價 $1,680"
KaleenaQueen 貴氣立體晶鑽絲絨洋裝-桃,"網路價 $1,680"
KaleenaQueen 琵琶釦花語立體刺繡針織旗袍-黑,"網路價 $2,080"
KaleenaQueen 古典魅力絲絨旗袍-紫,"網路價 $1,380"
KaleenaQueen 古典美人絲絨旗袍-紫紅,網路價 $990
KaleenaQueen 富貴佳人絲絨修身旗袍-紅,網路價 $990
KaleenaQueen 婉約怡人絲絨旗袍-紅,網路價 $990
KaleenaQueen 典雅細緻絲絨旗袍-紅,網路價 $990
KaleenaQueen 百花爭艷絲絨旗袍-紫,網路價 $990
KaleenaQueen 花開富貴絲絨修身旗袍-藍,網路價 $990
羅馬宮廷寶石印花改良式旗袍露背洋裝(共二色)-天使波堤,網路價 $599
洋裝 正韓圓領蕾絲荷葉裙襬修身短袖洋裝(粉) N2,"網路價 $2,390"
大口袋前開衩吊帶連身背心裙 SISTERS,網路價 $790
前後兩穿v領毛衣裙中長版馬夾針織衫-設計所在,"網路價 $1,880"
V領印花緞前短後長洋裝-OMUSES,"網路價 $1,880"
V領亮片流蘇派對洋裝-OMUSES,"網路價 $1,180"
細肩平口撞色洋裝-OMUSES,"網路價 $1,680"
V領編織繃帶洋裝-OMUSES,"網路價 $1,380"
La BellezaV領包心紗針織柔軟針織長版背心裙,網路價 $790
削肩V領刺繡裙襬洋裝-OMUSES,"網路價 $1,780"
J-WELL 小碎花絨面魚尾洋裝,網路價 $680
旅途原品_望月_原創設計立體褶飾絲絨吊帶裙-豆沙/黑,"網路價 $7,180"
英倫後綁帶壓褶洋裝-OMUSES,"網路價 $1,340"
金蔥繃帶包臀洋裝-OMUSES,"網路價 $1,280"
針織繃帶包臀洋裝-OMUSES,"網路價 $1,280"
削肩百褶洋裝-OMUSES,"網路價 $1,980"
La Belleza發泡英文字10號抽繩連帽背心裙,網路價 $390
不對稱剪裁洋裝-OMUSES,"網路價 $1,580"
V領美背修身洋裝-OMUSES,"網路價 $1,280"
英文印花不收邊背心洋裝 (共二色)-4inSTYLE形設計,網路價 $980
V領針織洋裝-OMUSES,"網路價 $1,080"
重工刺繡星星刺繡洋裝-OMUSES,"網路價 $2,280"
幾何銀蔥針織洋裝-OMUSES,"網路價 $1,680"
V領條紋針織洋裝-OMUSES,"網路價 $1,680"
削肩雪紡洋裝-OMUSES,"網路價 $1,980"
Hera 赫拉-2018 正式場合 氣質 秋季套裝 連衣裙 兩件套女裝,"網路價 $2,560"
簡約修身壓摺裙襬洋裝-OMUSES,"網路價 $1,480"
荷葉削肩洋裝-OMUSES,"網路價 $1,880"
重工刺繡蕾絲洋裝-OMUSES,"網路價 $2,680"
蕾絲V領挺版洋裝-OMUSES,"網路價 $1,780"
洋裝 一字領素色拼接印花下擺無袖洋裝 N2,"網路價 $2,590"
正韓 立體縫線波浪裙棉背心洋裝 (共四色)-100%明洞,網路價 $830
重工削肩美背短禮服-OMUSES,"網路價 $2,280"
飄逸碎花拼街層次無袖背心裙(共二色)-OOTD,網路價 $650
洋裝 正韓波希米亞民族風無袖及膝洋裝(藍) N2,"網路價 $2,390"
刺繡簍空中長洋裝-OMUSES,"網路價 $2,380"
美背蝴蝶結修身洋裝-OMUSES,"網路價 $1,580"
腰間開釦簍空前開岔洋裝-OMUSES,"網路價 $1,980"
La BellezaV領排釦附綁帶側開叉無袖背心洋裝,網路價 $850
V領字母印花百搭無袖背心裙 (共二色)-Kugi Girl,網路價 $699
百褶印花雪紡蛋糕裙洋裝-OMUSES,"網路價 $1,380"
蕾絲拼接斜開岔裙襬洋裝-OMUSES,"網路價 $1,780"
蕾絲刺繡拼接緞短禮服-OMUSES,"網路價 $1,980"
蕾絲前短後長禮服-OMUSES,"網路價 $2,680"
重工蕾絲刺繡亮片長禮服-OMUSES,"網路價 $2,680"
蕾絲旗袍式短禮服-OMUSES,"網路價 $2,580"
一字領蕾絲拖尾長禮服-OMUSES,"網路價 $2,980"
雪紡削肩開岔長禮服-OMUSES,"網路價 $1,980"
蕾絲旗袍式短禮服-OMUSES,"網路價 $2,580"
蕾絲透膚馬甲式婚紗伴娘長禮服-OMUSES,"網路價 $1,740"
心型平口雪紡壓褶長禮服-OMUSES,網路價 $840
歐根紗立體裙襬平口長禮服-OMUSES,"網路價 $3,680"
細肩珠工壓褶魚尾長禮服-OMUSES,"網路價 $2,980"
重工刺繡旗袍長禮服-OMUSES,"網路價 $3,380"
刺繡花V領滿版亮片長禮服-OMUSES,"網路價 $2,980"
蕾絲拼接雪紡長禮服-OMUSES,"網路價 $2,680"
重工滿版亮片旗袍長禮服-OMUSES,"網路價 $3,680"
斜肩抓褶長禮服-OMUSES,"網路價 $2,580"
削肩繞頸短禮服-OMUSES,"網路價 $2,280"
罩衫蕾絲網紗魚骨短禮服-OMUSES,"網路價 $2,380"
重工V領編織魚尾長禮服-OMUSES,"網路價 $2,980"
蕾絲拼接荷葉開岔長禮服-OMUSES,"網路價 $2,980"
重工蕾絲雪紡禮服-OMUSES,"網路價 $2,980"
蕾絲拼接魚尾開岔長禮服-OMUSES,"網路價 $3,280"
斜肩拼接長禮服-OMUSES,"網路價 $2,380"
繞頸綁帶壓褶網紗長禮服-OMUSES,"網路價 $2,980"
刺繡蕾絲前短後長禮服-OMUSES,"網路價 $2,680"
深V刺繡蕾絲拼接雪紡短禮服-OMUSES,"網路價 $2,580"
重工蕾絲刺繡長禮服-OMUSES,"網路價 $3,860"
睫毛蕾絲綁帶長禮服-OMUSES,"網路價 $1,980"
一字領網紗露肩短禮服-OMUSES,"網路價 $2,380"
波紋蕾絲V領抓褶短禮服-OMUSES,"網路價 $1,980"
斜肩亮片拼接雪紡魚尾長禮服-OMUSES,"網路價 $3,580"
V領刺繡蕾絲拼接雪紡長禮服-OMUSES,"網路價 $2,680"
一字領魚尾長禮服-OMUSES-動態Show,"網路價 $2,980"
繞頸綁帶拼接網紗長禮服-OMUSES,"網路價 $2,680"
一字荷葉領睫毛長禮服-OMUSES,"網路價 $1,980"
交叉壓褶綁帶長禮服-OMUSES,"網路價 $3,280"
斜肩蝴蝶結長禮服-OMUSES,"網路價 $1,980"
V領蕾絲拼接雪紡長禮服-OMUSES-動態Show,"網路價 $2,880"
細肩荷葉領腰間簍空魚尾長禮服-OMUSES,"網路價 $2,880"
V領鉚釘編織拼接雪紡長禮服-OMUSES,"網路價 $2,680"
IREAL 琥珀花紋美鑽不規則垂墜耳環,網路價 $590
毛絨滾邊外套式披肩-OMUSES,網路價 $890
仿貂毛斗篷披肩-OMUSES,"網路價 $1,980"
釘珠滾邊雙層毛呢披肩-OMUSES,"網路價 $1,180"
仿貂毛鑽飾扣環披肩-OMUSES,"網路價 $1,280"
IREAL 兩邊不對稱豹紋垂鍊穿式耳環,網路價 $590
IREAL 幾何多邊形雙色針式耳環,網路價 $590
毛絨拼接毛織大披肩-OMUSES,"網路價 $1,280"
IREAL 造型加分．多用法40%混羊毛披肩圍巾,網路價 $790
IREAL 女伶小香風毛呢耳環,網路價 $490
披肩圍巾 大格子經典方形流蘇大披肩圍巾(駝色) N2,"網路價 $1,290"
IREAL 率性不規則幾何大三角耳環,網路價 $590
IREAL 雙色圓片造型耳環,網路價 $450
IREAL R字母不對稱造型耳環,網路價 $650
IREAL 雙色花瓣垂墜耳環,網路價 $590
披肩 經典格紋X素面正反兩用口袋披肩式圍巾(黑) N2,"網路價 $1,290"
蕾絲雪紡披肩-OMUSES,網路價 $880
披肩圍巾 圓點點雙面雙色流蘇披肩圍巾(咖) N2,"網路價 $1,490"
披肩圍巾 圓點點雙面雙色流蘇披肩圍巾(紅) N2,"網路價 $1,490"
IREAL 金色圓片串珍珠垂墜耳環,網路價 $490
披肩圍巾 正韓雙色大口袋毛料流蘇披肩圍巾 N2,"網路價 $1,290"
圍巾 正韓豹紋圖樣黑色滾邊長版圍巾披肩(白底) N2,網路價 $890
圍巾 正韓豹紋圖樣黑色滾邊長版圍巾披肩(咖啡) N2,網路價 $890
IREAL Simple設計感 ‧ 雙色圓片針式耳環,網路價 $490
IREAL 豹紋愛心小巧耳環,網路價 $590
IREAL 多件組層次項鍊,網路價 $590
IREAL 別緻空心圓細方鑽耳環,網路價 $650
IREAL 三角小流蘇不對稱耳環,網路價 $390
IREAL 亮黃花瓣垂鍊耳環,網路價 $490
IREAL Vintage歐風六角形耳環,網路價 $450
披肩 正韓粉色大格紋寬版流蘇圍巾披肩(粉) N2,網路價 $790
毛帽 正韓豹紋球球毛線帽 N2,網路價 $690
異國風環鑽寶石吊墜鎖骨項鍊 (藍綠色)-CIAO妞 Holiday,網路價 $509
雪紡蕾絲披肩-OMUSES,網路價 $980
珍珠雪紡披肩-OMUSES,"網路價 $1,280"
滿滿亮鑽表演造型仿皮半指手套(黑)-天使波堤,網路價 $590
蕾絲歐根紗披肩-OMUSES,網路價 $790
蕾絲雪紡披肩-OMUSES,"網路價 $1,380"
百搭蕾絲小外套-OMUSES,網路價 $590
骷髏仿皮革大腿吊帶造型表演配件(共二色)-天使波堤,網路價 $399
正韓 NANING9絨毛接袖鼠袋連帽洋裝-(共三色)a9,"網路價 $2,880"
正韓 NANING9男友風條紋純棉襯衫裙-(象牙白)a9,"網路價 $2,780"
La Belleza秋冬百搭不膩‧加厚加大素面保暖厚棉毛料平口內搭褲,網路價 $399
中大尺碼 森林女孩系棉麻鬆緊腰拼接寬鬆洋裝L~3L-Ballet Dolly,網路價 $312
中大尺碼翻領加厚內裡鋪棉長版背心外套附毛球XL~4L-Ballet Dolly,"網路價 $1,159"
中大尺碼內裡裹毛加絨保暖厚棉連帽拉鍊外套XL~4L-Ballet Dolly,網路價 $952
中大尺碼海豹卡通印花加厚加絨連帽綠繩厚棉洋裝L~3L-Ballet Dolly,"網路價 $1,280"
La Belleza連帽抽繩大口袋加絨加厚長版側大開叉抽繩洋裝,網路價 $890
中大尺碼滿版貓咪頭加絨加厚套頭連帽厚棉長版洋裝XL~3L-Ballet Doll...,網路價 $814
La Belleza假兩件下擺拼接白襯衫前短後長寬袖棉T,網路價 $590
La BellezaV領袖綁帶織紋拼接排列刻花雪紡上衣,網路價 $690
破損洗色拉鍊造型牛仔褲(藍色)-AATE,"網路價 $2,480"
翻領絨毛拼接外套 TATA,"網路價 $1,880"
單扣毛呢長版西裝外套  TATA,"網路價 $1,450"
正韓 線條剪裁混羊毛深V背心-(共三色)a9,"網路價 $1,090"
正韓 挺版彈性帥氣百搭襯衫-(白色)a9,網路價 $607
正韓 舒棉感休閒後衩裙磨毛套裝-(共二色)a9,"網路價 $1,386"
正韓 NANING9時尚拼接垂肩澎袖棉T-(共二色)a9,"網路價 $1,762"
La Belleza高領套頭菱格麻花側大開叉包心紗長版針織洋裝,網路價 $890
歐美大翻領撞色寬鬆毛呢大衣 (共三色)-CIAO妞,"網路價 $1,695"
歐美星河套頭高領毛衣 (共三色)-CIAO妞,"網路價 $1,090"
純色立體翻領羊羔毛毛呢外套 (共五色)-CIAO妞,"網路價 $1,640"
撞色拼接圓領連身裙 (共二色)-CIAO妞,"網路價 $1,195"
英倫时尚蝙蝠袖斗篷兩穿呢大衣 (共三色)-CIAO妞,"網路價 $1,675"
La Belleza露單肩KING英文字內裡加絨厚棉下擺割破長版上衣,網路價 $850
La Belleza素面微絨面慵懶風寬鬆襯衫(內裡滑料),網路價 $750
La Belleza小英文字一字領可拉肩內裡加絨厚棉長版上衣,網路價 $790
中大尺碼背13號白色斜紋拉鍊連帽長版衛衣棉料上衣XL~4L-Ballet Dol...,網路價 $399
中大尺碼V領排釦包釦格紋燈籠袖棉麻上衣XL~4L-Ballet Dolly,網路價 $590
中大尺碼梵文字袖子拉鍊連帽抽繩拉鍊口袋長版衛衣XL~4L-Ballet Doll...,網路價 $990
中大尺碼 大象英文字愛心卡通繡線貼布連身洋裝XL~4L-Ballet Dolly,網路價 $490
中大尺碼白領T字拼接彩色包釦開釦細條紋襯衫洋裝L~4L-Ballet Dolly,網路價 $690
正韓 圓領雪花混色泡泡袖上衣 (共四色)-N.C21,"網路價 $1,150"
正韓 運動風撞色拼接內搭褲 (共二色)-N.C21,網路價 $990
正韓 混色針織坑條修身短裙 (共二色)-N.C21,"網路價 $1,150"
水洗刷色拼接大口袋牛仔吊帶褲 (藍色)-4inSTYLE形設計,"網路價 $1,090"
經典高領條紋寬鬆針織上衣 (共二色)-4inSTYLE形設計,"網路價 $1,190"
小清新翻領格紋寬鬆毛呢外套 (格紋)-4inSTYLE形設計,"網路價 $1,790"
高領渲染星星字母印花寬鬆T恤 (紅色)-4inSTYLE形設計,"網路價 $1,190"
慵懶風高領條紋中長款洋裝 (條紋)-4inSTYLE形設計,網路價 $950
混色毛線編織針織外套 共二色 TATA,網路價 $885
AIR SPACE LADY 大圓釦豹紋針織開襟外套(粉紅),網路價 $830
AIR SPACE LADY 大圓釦豹紋針織開襟外套(灰),網路價 $830
AIR SPACE 大圓釦格紋毛海針織開襟外套(卡其),網路價 $590
AIR SPACE 大圓釦格紋毛海針織開襟外套(灰),網路價 $590
AIR SPACE 率性豹紋開襟針織外套(駝),網路價 $790
附綁帶純色長版粗針織外套-OB嚴選,網路價 $699
AIR SPACE 無排釦落肩開襟針織罩衫(粉紅),網路價 $790
AIR SPACE 無排釦落肩開襟針織罩衫(白),網路價 $790
SQUA 鈕扣裝飾袖針織外套-二色,網路價 $650
金屬鈕扣針織外套 共二色 TATA,網路價 $635
純色破洞蝙蝠袖外套-共4色(F可選) 初色,網路價 $688
純色圓領開衫針織外套-共6色(F可選) 初色,網路價 $764
V領單排扣毛衣外套-共6色(F可選) 初色,網路價 $891
東京著衣 多色簡約百搭素面針織外套(共四色),網路價 $700
金蔥亮絲針織外套 共二色 TATA,網路價 $966
下擺側邊開叉外套-共2色(M-XL可選) 初色 田園,網路價 $995
純色V領單排扣外套-共3色(F可選) 初色,"網路價 $1,039"
V領純色針織外套-共5色(F可選) 初色,網路價 $513
蝙蝠袖編織開衫針織外套 共二色 TATA,網路價 $950
純色仿貂毛開襟背心-OB嚴選,網路價 $799
純色坑條長版開襟罩衫/外套-OB嚴選,網路價 $529
寬鬆豹紋針織外套 共二色 TATA,網路價 $680
純色百搭針織外套-共5色(F可選) NUMI 森,網路價 $688
大V寬鬆開衫針織外套 TATA,網路價 $652
KaleenaQueen 高貴名媛晶鑽絲絨外套-橘/紅,"網路價 $2,980"
KaleenaQueen 皇家頂級奢華絲絨長外套-黃,"網路價 $3,980"
兔毛手感珍珠排釦包芯紗針織外套-OB嚴選,網路價 $999
混色開襟翻領長版罩衫-OB嚴選,網路價 $499
KatieQ 金屬釦薄柔針織外套-黑/灰/黃,網路價 $690
條紋針織毛衣外套-共4色(F可選) NUMI 森,網路價 $839
純色刺繡連帽外套-共5色(F可選) NUMI 森,網路價 $839
純色刺繡毛衣外套-共4色-52066-(F可選) NUMI 森,網路價 $773
旅途原品_婉言 原創設計秋裝新款金屬絲混紡長款A擺風衣外套-黑,"網路價 $6,780"
旅途原品_知己_原創設計美麗諾羊毛開衫-乳白,"網路價 $5,180"
旅途原品_知秋_原創設計純棉立裁兩穿黑色連衣裙外套-黑色,"網路價 $7,180"
Jilli-ko 純色小披肩空調針織外套-紫/粉/紅/白,網路價 $690
AIR SPACE 雙口袋毛海開衩長版外套(粉紅),網路價 $890
AIR SPACE 雙口袋毛海開衩長版外套(咖啡),網路價 $890
撞色排釦針織外套 共二色 TATA,網路價 $875
連帽拉鍊針織外套 共三色 TATA,"網路價 $1,050"
溫暖毛領拼接連帽騎士外套-OB嚴選,網路價 $629
抽繩鋪棉連帽背心外套 共三色 TATA,網路價 $680
風衣拼接針織連帽鋪棉外套 TATA PLUS,"網路價 $1,220"
AH dream夢想女孩 英倫風寬鬆百搭中長版風衣外套(2色),"網路價 $1,375"
AH dream夢想女孩 韓國超長版加厚仿羽絨外套(3色/M-3XL),"網路價 $2,540"
AH dream夢想女孩 韓國製-匹諾曹朴信惠款超長款保暖大衣(M-3XL),"網路價 $2,580"
AH dream夢想女孩 韓國製-仿羽絨棉質中長版鋪棉外套(2色/M-3XL),"網路價 $2,420"
AH dream夢想女孩 韓國製-大毛領中長版仿羽絨大衣(3色),"網路價 $3,865"
條紋內裡鋪棉連帽外套 TATA,"網路價 $1,159"
水貂毛絨手感質感純色外套-OB嚴選,"網路價 $1,099"
咖啡KITTY內刷毛連帽衛衣外套-OB嚴選,網路價 $519
Jilli-ko 雙口袋燈芯絨棒球外套-卡其,網路價 $690
短版素色連帽外套 共三色 TATA,網路價 $378
AIR SPACE LADY 輕薄純色翻領外套(附腰帶(卡其),網路價 $590
AIR SPACE LADY 輕薄純色翻領外套(附腰帶(黑),網路價 $590
絨面拼接夾克棒球外套 TATA,網路價 $799
後造型拉鍊飛行外套 共二色 TATA,網路價 $680
格紋KITTY厚刷毛連帽衛衣外套-OB嚴選,網路價 $469
優雅印花高棉長版連帽外套-OB嚴選,"網路價 $1,125"
圓領排釦羅紋拼接袖口素色棉感外套-OB嚴選,網路價 $369
率性感高含棉純色騎士外套-OB嚴選,網路價 $579
情侶男女共版收腰高含棉仿牛仔連帽長版外套-OB嚴選,"網路價 $1,099"
情侶男女共版可拆連帽牛仔外套-OB嚴選,網路價 $919
東京著衣 多色舒適百搭抽繩連帽外罩(共二色),網路價 $420
抗UV素色連帽抽繩運動外套-OB大尺碼,網路價 $599
台灣品質．世界同布~牛仔印花滾邊抗UV立領運動外套-OB嚴選,網路價 $499
台灣品質‧世界同布~撞色滾邊抗UV透氣連帽外套．5色-OB大尺碼,網路價 $469
袖口反褶下襬抽繩壓釦拉鍊素色外套．2色-OB嚴選,網路價 $399
拼接撞色抗UV防曬連帽外套-OB大尺碼,網路價 $599
台灣品質.世界同布~抗UV防潑水抽繩連帽外套-OB大尺碼,網路價 $749
台灣品質.世界同布~抗UV撞色連帽風衣外套-OB大尺碼,網路價 $649
數碼印花抗UV立領運動外套-OB嚴選,網路價 $449
滿版花朵磨毛連帽外套-OB嚴選,網路價 $549
台灣品質．世界同布~吸濕快乾防曬連帽外套．5色-OB大尺碼,網路價 $599
金屬釦反摺袖造型落肩薄外套．2色-OB嚴選,網路價 $449
高含棉後蝴蝶結綁帶造型長版連帽外套-OB嚴選,網路價 $647
東京著衣 多色條紋連帽長版外套(共三色),網路價 $580
防風防水短版風衣外套-OB嚴選,"網路價 $1,199"
3WAY防風防水內層搖粒絨外套-OB嚴選,"網路價 $1,799"
AH dream夢想女孩 英倫風寬鬆百搭中長版風衣外套(2色),"網路價 $1,375"
東京著衣-KODZ 歐美經典雙排扣風衣-S.M.L(共二色),"網路價 $1,510"
純色防潑水連帽腰抽繩長版風衣外套-OB嚴選,網路價 $819
附腰帶配色直條紋長板外套/洋裝-OB嚴選,網路價 $799
純色收腰大翻領大衣-共3色(M-2XL可選) 初色,"網路價 $1,025"
旅途原品_似海_原創設計毛衣披肩開衫外套-豆綠,"網路價 $6,880"
旅途原品_初雪_原創設計95絨保暖羽絨服-奶白色,"網路價 $9,280"
長版大衣風衣外套(附綁帶) TATA,"網路價 $1,375"
文藝連帽盤扣收腰外套-共3色(M-XL可選) NUMI 森,"網路價 $1,183"
Jilli-ko 韓版中長款西裝領風衣外套-深綠,"網路價 $1,280"
綁帶長版連帽風衣外套 TATA,"網路價 $1,322"
Jilli-ko 韓版中長連帽風衣外套-黑,網路價 $690
縮口袖連帽雙層風衣外套-OB嚴選,網路價 $699
AIR SPACE LADY 經典雙排釦風衣外套(附腰帶)(黑),"網路價 $1,830"
SQUA 雙排扣長版風衣外套 (附腰帶),"網路價 $1,259"
AIR SPACE LADY 經典雙排釦風衣外套(附腰帶)(卡其),"網路價 $1,830"
雙排扣荷葉襬風衣外套 TATA,"網路價 $1,035"
質感翻領附綁帶騎士風衣外套-OB嚴選,"網路價 $1,249"
寬鬆收腰軍裝風衣外套 共二色 TATA,"網路價 $1,035"
AIR SPACE LADY 雙釦法蘭絨格紋長版風衣外套(附腰帶)(綠),"網路價 $1,342"
AIR SPACE LADY 雙釦法蘭絨格紋長版風衣外套(附腰帶)(咖啡),"網路價 $1,342"
AIR SPACE 率性雙排釦長版風衣外套(附腰帶)(磚紅),"網路價 $1,380"
AIR SPACE 開衩長版蜜桃絨風衣外套(附腰帶)(灰),"網路價 $1,080"
AIR SPACE 開衩長版蜜桃絨風衣外套(附腰帶)(咖啡),"網路價 $1,080"
AIR SPACE 率性雙排釦長版風衣外套(附腰帶)(杏),"網路價 $1,380"
寬鬆有型長版連帽風衣外套 共二色 TATA PLUS,網路價 $899
寬鬆抽繩收腰風衣外套 共二色 TATA,網路價 $972
高含棉連帽長版風衣外套-OB嚴選,網路價 $779
附綁帶長版風衣外套-OB嚴選,網路價 $899
騎士布勞森拉鍊風衣外套 SISTERS,"網路價 $1,380"
東京著衣-yoco 美型百搭法式感垂墜感風衣外套-S.M.L(共二色),網路價 $930
東京著衣-yoco 巴黎女孩風衣style排釦洋裝-S.M.L(共一色),網路價 $820
Bois-White-長版口袋後開岔寬風衣-黑/杏/綠,網路價 $877
透氣感防風防潑水抗UV運動外套/風衣．5色-OB大尺碼,網路價 $499
零著輕薄感翻領收腰抽繩風衣外套-OB嚴選,網路價 $299
高含棉附綁帶翻領開襟素色長版風衣外套-OB嚴選,網路價 $872
高含棉素色翻領外套-OB嚴選,網路價 $709
素色質感小翻領排釦長版風衣外套．3色-OB嚴選,網路價 $569
絨布拼接撞色牛仔外套 TATA,"網路價 $1,080"
下擺抽鬚短版牛仔外套 TATA,網路價 $617
前長後短牛仔外套 共四色TATA,網路價 $447
東京著衣 時尚百搭貓鬚下擺雙口袋牛仔外套(共一色),"網路價 $1,050"
雙口袋排扣牛仔長版外套 TATA,網路價 $690
下擺抽鬚牛仔外套 TATA,網路價 $510
情侶男女共版可拆連帽牛仔外套-OB嚴選,網路價 $919
情侶男女共版收腰高含棉仿牛仔連帽長版外套-OB嚴選,"網路價 $1,099"
無袖牛仔刷破背心 TATA,網路價 $670
東京著衣 休閒百搭造型刷破牛仔外套(共二色),網路價 $930
素面破洞牛仔外套 TATA,網路價 $599
配色格紋毛呢連帽寬鬆大衣外套-OB嚴選,"網路價 $1,099"
AIR SPACE LADY 經典合身毛呢西裝大衣(咖啡),"網路價 $1,380"
AIR SPACE LADY 經典合身毛呢西裝大衣(粉紅),"網路價 $1,380"
莫蘭迪毛呢大衣外套 TATA,"網路價 $1,599"
毛呢格紋短版鋪棉外套 TATA,"網路價 $1,049"
連帽假兩件千鳥格紋毛呢外套 TATA,"網路價 $2,380"
連帽鋪棉拼接毛呢外套 TATA,"網路價 $2,499"
斜排扣長版毛呢大衣外套(附腰帶)  TATA,"網路價 $2,159"
翻領雙色格紋毛呢西裝外套 TATA,"網路價 $1,999"
毛球連帽綁帶毛呢外套 共二色 TATA,"網路價 $1,159"
AIR SPACE 質感單釦毛呢大衣(附腰帶)(灰),"網路價 $1,380"
AIR SPACE 質感單釦毛呢大衣(附腰帶)(咖啡),"網路價 $1,380"
內鋪棉翻領剪裁毛呢排釦大衣外套-OB嚴選,"網路價 $1,399"
質感毛呢翻領大衣外套-OB嚴選,"網路價 $1,099"
AH dream夢想女孩 韓國製-甜美仿羊毛繫帶雙排扣毛呢大衣,"網路價 $2,680"
AIR SPACE 率性口袋天鵝絨外套(藍),網路價 $790
AIR SPACE 率性口袋天鵝絨外套(粉紅),網路價 $790
SQUA 單排扣毛呢大衣外套,"網路價 $1,159"
下襬釦環純色保暖羽絨外套-OB嚴選,"網路價 $1,079"
質感格紋毛呢長版開襟外套-OB嚴選,網路價 $499
AIR SPACE LADY 斜拉鍊車線毛呢短版外套(綠),網路價 $832
AIR SPACE LADY 斜拉鍊車線毛呢短版外套(咖啡),網路價 $832
收腰釦條設計毛呢翻領大衣外套-OB嚴選,"網路價 $1,079"
純色毛呢鋪棉翻領大衣/外套-OB嚴選,"網路價 $1,229"
斜紋長版毛呢大衣外套 TATA,"網路價 $1,199"
簡約感純色毛呢鋪棉翻領外套-OB嚴選,"網路價 $1,079"
內鋪棉袖反摺翻領長版毛呢外套-OB嚴選,"網路價 $1,299"
連帽拉鍊質感毛呢大衣外套-OB嚴選,"網路價 $1,199"
質感毛呢長版連帽大衣外套-OB嚴選,"網路價 $1,109"
毛呢鋪棉翻領大衣外套-OB嚴選,"網路價 $1,249"
質感格紋毛呢翻領綁帶大衣外套-OB嚴選,"網路價 $1,249"
旅途原品_影奈_原創設計時尚西裝領毛呢大衣外套-深藍/紫,"網路價 $6,080"
旅途原品_暮夜_原創設計長款羊毛開衫外套-中灰,"網路價 $5,680"
旅途原品_遠海_原創設計細條紋西裝毛呢外套-黑色,"網路價 $8,280"
旅途原品_靈波_原創設計色織肌理提花斗篷外套-深藍,"網路價 $5,380"
旅途原品_旅行者_原創設計細條紋毛呢短外套-黑,"網路價 $8,280"
旅途原品_與愛_原創設計品質手工雙面呢外套-枯葉黃,"網路價 $13,180"
純色質感毛呢大衣外套-OB嚴選,"網路價 $1,169"
純色翻領字母刺繡毛呢鋪棉大衣外套-OB嚴選,"網路價 $1,219"
寬鬆拼接長版毛呢外套 TATA,"網路價 $1,653"
AIR SPACE 保暖膨感連帽羽絨外套(附腰帶)(卡其),"網路價 $1,880"
AIR SPACE 保暖膨感連帽羽絨外套(附腰帶)(黑),"網路價 $1,880"
毛絨翻領拼接內鋪棉騎士外套-OB嚴選,網路價 $979
仿羊羔毛連帽大口袋科技羽絨棉外套-OB嚴選,"網路價 $1,399"
扣環連帽鋪棉背心外套  共二色 TATA,網路價 $720
毛呢格紋短版鋪棉外套 TATA,"網路價 $1,049"
連帽鋪棉拼接毛呢外套 TATA,"網路價 $2,499"
前短後長鋪棉背心外套 共三色 TATA,網路價 $630
英文字條鋪棉連帽外套 共二色 TATA,"網路價 $1,459"
方口袋拼接連帽鋪棉外套 TATA,"網路價 $1,759"
白絨毛連帽長版鋪棉外套 TATA,"網路價 $2,559"
軍風毛領連帽保暖高填充羽絨長版外套-OB嚴選,"網路價 $1,580"
素色霧面填充羽絨長版外套-OB嚴選,"網路價 $1,499"
抽繩鋪棉連帽背心外套 共三色 TATA,網路價 $680
風衣拼接針織連帽鋪棉外套 TATA PLUS,"網路價 $1,220"
可拆式毛領純色羽絨棉飛行外套-OB嚴選,"網路價 $1,299"
光澤感絨毛邊連帽羽絨棉外套-OB嚴選,"網路價 $1,249"
AH dream夢想女孩 韓國製-仿羽絨棉質中長版鋪棉外套(2色/M-3XL),"網路價 $2,420"
AH dream夢想女孩 韓國超長版加厚仿羽絨外套(3色/M-3XL),"網路價 $2,540"
AH dream夢想女孩 韓國製-大毛領中長版仿羽絨大衣(3色),"網路價 $3,865"
AH dream夢想女孩 韓國製-匹諾曹朴信惠款超長款保暖大衣(M-3XL),"網路價 $2,580"
條紋內裡鋪棉連帽外套 TATA,"網路價 $1,159"
雙毛球連帽蜜桃絨高填充羽絨外套-OB嚴選,"網路價 $1,580"
毛領連帽針織羅紋拼接高填充羽絨外套-OB嚴選,"網路價 $1,560"
下襬釦環純色保暖羽絨外套-OB嚴選,"網路價 $1,079"
羅紋拼接連帽高填充羽絨外套-OB大尺碼,"網路價 $1,699"
棉感連帽拼接科技羽絨棉外套-OB嚴選,"網路價 $1,399"
羅紋拼接連帽高填充羽絨外套-OB嚴選,"網路價 $1,519"
保暖修身連帽鋪棉長版外套-OB嚴選,"網路價 $1,059"
KatieQ 保暖絨裡夾棉連帽外套-綠,"網路價 $3,000"
鋪棉飛行外套 共二色 TATA,網路價 $590
鋪棉拉鍊長版飛行外套 TATA,網路價 $999
連帽厚鋪棉保暖修身長版外套-OB嚴選,"網路價 $1,219"
KatieQ 中長款厚鋪棉背心-黑,"網路價 $1,800"
連帽前短後長抽繩科技羽絨棉背心-OB嚴選,"網路價 $1,049"
仿羊羔毛拼接科技羽絨棉連帽長版外套-OB嚴選,"網路價 $1,599"
連帽內裡格紋科技羽絨棉背心-OB嚴選,"網路價 $1,079"
連帽輕羽絨長版外套(附收納袋-OB嚴選,"網路價 $1,699"
北歐風圖騰拼接科技羽絨棉背心-OB嚴選,網路價 $979
撞色抽繩連帽保暖高填充羽絨外套-OB嚴選,"網路價 $1,599"
AIR SPACE 前短後長格紋麻料襯衫外套(附腰帶)(藍),網路價 $790
AIR SPACE 前短後長格紋麻料襯衫外套(附腰帶)(杏),網路價 $790
收腰設計翻領排釦長版西裝外套-OB嚴選,"網路價 $1,059"
絨毛翻領西裝外套 TATA,"網路價 $1,226"
長版毛呢西裝外套 共二色 TATA,"網路價 $1,350"
SQUA 撞色千鳥格紋長版西裝外套,"網路價 $1,350"
AIR SPACE LADY 設計感開衩磨毛西裝外套(黑),"網路價 $1,480"
AIR SPACE LADY 設計感開衩磨毛西裝外套(深咖),"網路價 $1,480"
SQUA 條紋開衫西裝外套,網路價 $699
AIR SPACE 千鳥格紋長版西裝外套(灰),"網路價 $1,580"
SQUA 格紋西裝外套,網路價 $950
AIR SPACE 氣質千鳥格長版大衣(附腰帶)(灰),"網路價 $1,327"
AIR SPACE 毛毛翻領保暖麂皮拉鍊大衣外套(黑),"網路價 $2,080"
AIR SPACE 毛毛翻領保暖麂皮拉鍊大衣外套(駝),"網路價 $2,080"
AIR SPACE 氣質千鳥格長版大衣(附腰帶)(卡其),"網路價 $1,327"
AIR SPACE LADY 無釦開衩綁帶格紋長版大衣(灰),"網路價 $1,380"
AIR SPACE LADY 無釦開衩綁帶格紋長版大衣(咖啡),"網路價 $1,380"
AIR SPACE 厚毛人字紋西裝外套大衣(黑),"網路價 $1,335"
AIR SPACE 厚毛人字紋西裝外套大衣(杏),"網路價 $1,335"
AIR SPACE LADY 極簡毛呢長版大衣(咖啡),"網路價 $1,490"
AIR SPACE LADY 極簡毛呢長版大衣(粉紅),"網路價 $1,490"
旅途原品_淺雲_原創設計亞麻雙層門襟西裝外套-焦茶,"網路價 $5,680"
AIR SPACE 雙口袋毛呢西裝外套(灰),"網路價 $1,180"
AIR SPACE 雙口袋毛呢西裝外套(卡其),"網路價 $1,180"
質感西裝翻領鋪棉大衣外套-OB嚴選,"網路價 $1,179"
SQUA 雙排釦長版毛呢西裝外套,"網路價 $1,319"
黑白格紋內毛料剪裁口袋西裝外套-OB嚴選,網路價 $998
質感純色西裝外套-OB嚴選,"網路價 $1,236"
AIR SPACE LADY 簡約俐落單釦長版西裝外套(軍綠),"網路價 $1,390"
浪漫約會系列~純色綁帶毛呢西裝外套-OB嚴選,網路價 $980
排扣質感西裝外套 TATA,網路價 $922
翻領直條紋長版外套-OB嚴選,網路價 $549
SQUA 反折豹紋袖西裝外套,網路價 $715
SQUA 不規則拼色西裝外套,網路價 $931
SQUA 無袖長版西裝外套,網路價 $679
SQUA 條紋西裝外套,網路價 $835
袖反褶配色格紋質感西裝外套-OB嚴選,網路價 $899
純色寬鬆翻領西裝外套-OB嚴選,網路價 $799
純色翻領西裝外套-OB嚴選,網路價 $899
Bois White-雙排釦短版西裝外套-杏/綠/黑,"網路價 $1,489"
MOMA 燙金百褶長裙,"網路價 $1,980"
MOMA 三色直條紋中長裙,"網路價 $1,880"
MOMA 高腰黃格紋綁帶寬褲,"網路價 $1,880"
MOMA 人造皮短褲,"網路價 $1,580"
MOMA 多彩圓點衛衣,"網路價 $1,680"
MOMA 前長後短落肩毛衣,"網路價 $1,880"
MOMA 星星緹花毛衣,"網路價 $1,780"
MOMA 多彩幾何色塊毛衣,"網路價 $1,880"
MOMA 黑金條紋毛衣,"網路價 $1,880"
MOMA 多彩條紋針織洋裝,"網路價 $2,380"
MOMA 藍邊小香風毛呢外套,"網路價 $2,980"
MOMA 羊毛皮鋪棉夾克,"網路價 $7,980"
MOMA 假兩件式雪紡蕾絲洋裝,"網路價 $2,680"
MOMA 運動風百摺洋裝,"網路價 $2,480"
MOMA 格紋吊帶洋裝,"網路價 $1,880"
MOMA 一字毛領上衣,"網路價 $1,580"
MOMA 金蔥亮片毛呢短裙,"網路價 $1,980"
MOMA 多彩LOVE電繡毛衣,"網路價 $1,980"
MOMA 人造毛拼接針織開襟外套,"網路價 $2,980"
MOMA 人造皮棒球夾克,"網路價 $2,380"
MOMA 小香風流蘇夾克,"網路價 $2,880"
MOMA 圓領潑漆雪紡上衣,"網路價 $1,780"
MOMA 豹紋花卉綁帶長洋裝,"網路價 $2,680"
MOMA 活褶收腰長版襯衫,"網路價 $1,980"
MOMA 紅線抽鬚牛仔褲,"網路價 $1,580"
MOMA 幾何拼接長版毛衣,"網路價 $2,080"
MOMA 雙開衩前短後長毛衣,"網路價 $1,780"
MOMA 字母緹花飛鼠袖毛衣,"網路價 $1,880"
MOMA 單寧拼接長版衛衣,"網路價 $1,980"
MOMA格紋翻領長洋裝,"網路價 $2,180"
MOMA 字母條紋毛衣,"網路價 $1,880"
MOMA 立體花卉衛衣,"網路價 $1,980"
MOMA　金屬抽皺荷葉裙,"網路價 $1,580"
MOMA 翻領雙面毛料長大衣,"網路價 $6,680"
MOMA 大翻領素面毛衣_2色,"網路價 $1,880"
MOMA 多彩鸚鵡緹花毛衣,"網路價 $1,980"
MOMA 千鳥紋針織長裙,"網路價 $1,580"
MOMA 唇膏紅唇直條紋襯衫,"網路價 $1,680"
MOMA 泰迪絨拼接牛仔褲,"網路價 $1,880"
MOMA 菱形印花紗裙,"網路價 $1,680"
MOSS CLUB INLook 薄針織開衩背心(二色),網路價 $990
MOSS CLUB INLook 冰淇淋印花背心(三色),"網路價 $1,184"
MOSS CLUB INLook 針織排扣短外套與白襯衫(兩件式),網路價 $990
MOSS CLUB INLook 造型車線寬袖短袖T-shirt上衣(二色),網路價 $990
MOSS CLUB INLook 蝴蝶結綁結寬褲(二色),"網路價 $1,380"
MOSS CLUB INLook 落肩針織長外套,網路價 $990
MOSS CLUB INLook 前短後長針織七分袖外套,網路價 $990
MOSS CLUB INLook 朵朵浪花短袖T-shirt(2色),"網路價 $1,584"
MOSS CLUB INLook 復古色系圓領上衣(二色),網路價 $990
MOSS CLUB INLook 棉質雙色泡泡感短袖T-shirt上衣,網路價 $990
MOSS CLUB INLook 不規則抓摺上衣,網路價 $990
MOSS CLUB INLook 卡其寬版飛鼠褲,"網路價 $1,380"
MOSS CLUB INLook 抽皺折綁帶式格紋上衣(3色),"網路價 $1,984"
MOSS CLUB INLook 古著圖騰印花襯衫(二色),"網路價 $1,584"
MOSS CLUB INLook 不規則剪裁短袖Tshirt,網路價 $990
MOSS CLUB INLook 日式風棉質七分裙(二色),"網路價 $1,380"
MOSS CLUB INLook 時尚潮流阿嬤寬褲(兩色),"網路價 $1,380"
MOSS CLUB INLook 駝色童趣感老爺褲,"網路價 $1,744"
MOSS CLUB INLook 棉麻紋路純白開衩上衣,"網路價 $1,584"
MOSS CLUB INLook 針織雙色長版外套(二色),網路價 $990
MOSS CLUB INLook 棉質寬版襯衫,網路價 $990
MOSS CLUB INLook 駝色壓褶直筒褲,"網路價 $1,380"
MOSS CLUB INLook 小荷葉低腰長裙,"網路價 $1,380"
MOSS CLUB INLook 棉質造型口袋長褲,"網路價 $1,380"
MOSS CLUB INLook 鐵灰色百褶褲裙,"網路價 $1,380"
MOSS CLUB INLook ㄇ字形前短後長條紋T(二色),"網路價 $1,584"
MOSS CLUB INLook 刺繡泡泡圖案T-shirt(兩色),"網路價 $1,904"
MOSS CLUB INLook 柔軟造型排扣直筒褲(二色),"網路價 $2,064"
MOSS CLUB INLook 童趣風泡泡感短袖T-shirt上衣,網路價 $990
MOSS CLUB INLook 大熊插畫口袋帽T(三色),網路價 $990
MOSS CLUB INLook 童趣感短褲(2色),網路價 $990
MOSS CLUB INLook 波卡圓點針織短外套,網路價 $990
MOSS CLUB INLook 雙色針織條紋上衣(三色),網路價 $990
MOSS CLUB INLook 運動感寬鬆條紋上衣(三色),"網路價 $1,584"
MOSS CLUB INLook 數學公式內搭褲,網路價 $704
MOSS CLUB INLook 針織條紋上衣(二色),網路價 $990
MOSS CLUB INLook 層次感綁帶片裙(二色),"網路價 $1,380"
MOSS CLUB INLook 直筒長褲,"網路價 $1,380"
MOSS CLUB INLook 澎袖寬版條紋上衣(三色),網路價 $990
MOSS CLUB INLook 和風落肩針織短外套,網路價 $990
Dailo INLook 滿天星七分袖襯衫(三色),網路價 $990
Dailo INLook 小倉鼠圓領蝴蝶結上衣(四色),網路價 $940
Dailo INLook 仿單寧彈性綁帶短褲(三色),"網路價 $1,090"
Dailo INLook 森林小動物格紋落肩襯衫外套,"網路價 $1,290"
Dailo INLook 插畫風格舒適棉質長袖帽T(3色),網路價 $990
Dailo INLook 亮橘綁帶短褲,"網路價 $1,190"
Dailo INLook 童趣感仿吊帶上衣(三色),網路價 $990
Dailo INLook 雪球內搭褲,網路價 $790
Dailo INLook 怪獸雙色條紋口袋上衣(二色),網路價 $990
Dailo INLook 小怪獸連帽帽T(二色),"網路價 $1,090"
Dailo INLook 波卡圓點低檔泡泡褲(二色),"網路價 $1,290"
Dailo INLook 小鎮村插畫棉質帽T(二色),網路價 $690
Dailo INLook 水珠條紋針織連帽上衣,網路價 $990
Dailo INLook 針織大口袋中長版外套,網路價 $990
KiKi INLook V領鏤空雕花裝飾上衣,"網路價 $1,340"
KiKi INLook 舒適感條紋扭結上衣,網路價 $840
KiKi INLook 舒適棉質緞帶條紋上衣(二色),網路價 $890
KiKi INLook 檸檬黃涼感排釦襯衫外套(二色),網路價 $990
KiKi INLook 塊狀拼色針織上衣(3色),網路價 $990
KiKi INLook 唯美喇叭袖素色上衣(3色),網路價 $990
KiKi INLook 腰間鬆緊帶造型短褲(2色),"網路價 $1,190"
KiKi INLook淺V領蛋糕袖貼身上衣(2色),網路價 $990
KiKi INLook 蛋糕花瓣袖細格紋上衣(二色),網路價 $990
KiKi INLook針織羅紋上衣(1色),網路價 $990
KiKi INLook 圓領花卉上衣(兩色),"網路價 $1,190"
KiKi INLook 七分袖緞帶拼接襯衫(二色),網路價 $990
KiKi INLook 針織長版背心(2色),網路價 $990
KiKi INLook 露肩挖空荷葉袖上衣(二色),網路價 $890
KiKi INLook 性感挖領蝴蝶結綁帶上衣(二色),網路價 $940
KiKi INLook 條紋海軍領摺子袖口裝飾上衣(二色),網路價 $990
KiKi INLook 氣質娃娃領五分袖上衣(3色),網路價 $990
KiKi INLook 不規則條紋塊狀拼接上衣(二色),"網路價 $1,090"
KiKi INLook 涼感舒適後背細褶綁帶上衣(二色),"網路價 $1,090"
KiKi INLook 海軍風條紋長裙(二色),"網路價 $1,190"
KiKi INLook 優雅中高腰收腰褲裙(二色),"網路價 $1,290"
KiKi INLook 袖型開衩蝴蝶結飾條紋上衣,網路價 $990
KiKi INLook 蕾絲拼接上衣(二色),"網路價 $1,090"
KeyWear奇威名品 特殊涼感材質精緻手工縫珠條紋垂袖上衣-深藍色,"網路價 $1,200"
KeyWear奇威名品 趣味色塊羅馬領上衣-橘色,網路價 $390
KeyWear奇威名品 簡潔立裁七分袖上衣-珊瑚紅色,網路價 $412
KeyWear奇威名品 高級羊絨五分袖毛衣-深藍色,"網路價 $1,480"
KeyWear奇威名品 甜美復古袖口小荷葉假兩件式上衣-黑色,"網路價 $1,080"
KeyWear奇威名品 印地安彩繪短袖上衣-卡其色,網路價 $412
KeyWear奇威名品 簡潔俐落幾何切割五分袖上衣-淺綠色,網路價 $590
KeyWear奇威名品 MIT優雅垂墜美型裙-黑色,網路價 $900
KeyWear奇威名品 復古長袖修身上衣-黑色,"網路價 $1,280"
KeyWear奇威名品 花朵彩繪短袖上衣-灰色,網路價 $512
KeyWear奇威名品 英式華麗植絨LOGO長袖上衣-紅色,網路價 $500
KeyWear奇威名品 雅致光景窗花緞面短袖上衣-深藍色,"網路價 $1,200"
KeyWear奇威名品 法式繁複手工毛衣-暗紅色,"網路價 $1,780"
KeyWear奇威名品 簡約修身長褲-白色,"網路價 $1,480"
KeyWear奇威名品 中庸格紋修身裙-紅色,"網路價 $1,780"
KeyWear奇威名品 中長排釦修身大衣-紅色,"網路價 $1,280"
KeyWear奇威名品 優雅拼接蕾絲多片中長裙-黑色,"網路價 $2,680"
KeyWear奇威名品 A Line修身上衣-白色,"網路價 $1,480"
KeyWear奇威名品 淑女時尚披肩-深咖啡色,"網路價 $1,480"
KeyWear奇威名品 大挖領A型長袖上衣-綠色,"網路價 $1,580"
KeyWear奇威名品 MIT日式繽紛印花典雅雪紡垂袖襯衫-綜合色,網路價 $512
KeyWear奇威名品 華麗貼繡珠飾無袖背心-紫色,網路價 $390
KeyWear奇威名品 時尚簡約立體圖紋長袖襯衫-黑色,"網路價 $1,300"
KeyWear奇威名品 女性商務假兩件混搭風格短袖上衣-灰色,網路價 $490
KeyWear奇威名品 細緻柔軟吸濕發熱V領長袖上衣-芥末黃色,網路價 $500
KeyWear奇威名品 魅力透膚條紋剪接垂袖上衣-藍色,"網路價 $1,200"
KeyWear奇威名品 經典菱格紋優雅舒適絲棉短袖上衣-藍色,"網路價 $1,200"
KeyWear奇威名品 簡約修身長袖襯衫-白色,"網路價 $1,480"
KeyWear奇威名品 MIT典藏名媛細緻拼接工法五分袖上衣-黑色,"網路價 $1,200"
KeyWear奇威名品 英式帥氣奢華寶石點綴長袖牛仔襯衫-黑色,"網路價 $1,200"
KeyWear奇威名品 炫彩印花圖騰荷葉邊短袖上衣-綜合色,"網路價 $1,200"
KeyWear奇威名品 優雅女性長袖上衣-黑色,網路價 $590
KeyWear奇威名品 簡約修身長袖襯衫-黑色,"網路價 $1,380"
KeyWear奇威名品 100%純棉假兩件修飾短袖上衣-深藍色,網路價 $812
KeyWear奇威名品 復古優雅縮腰短版垂袖上衣-粉紅色,網路價 $512
KeyWear奇威名品 細緻柔軟吸濕發熱V領長袖上衣-紫藍色,網路價 $500
KeyWear奇威名品 水玉小點超彈舒適八分褲-深藍色,"網路價 $1,280"
KeyWear奇威名品 復古長袖修身上衣-藍色,"網路價 $1,280"
KeyWear奇威名品 MIT典藏名媛細緻拼接工法五分袖上衣-淺米色,"網路價 $1,200"
KeyWear奇威名品 奢華宮廷風滿版蕾絲鏤空上衣-墨綠色,"網路價 $1,200"
【Doch】特色滿版格子連身褲裝(共兩色),"網路價 $1,526"
【Doch】側邊釦飾前短後長顯瘦針織上衣(共三色),網路價 $222
【Doch】特殊不規則下擺彈性上衣(共兩色),網路價 $690
【Doch】搶眼配色俐落針織長上衣/洋裝 (共三色),網路價 $237
【Doch】字母貼鑽圓領短袖針織上衣 (共兩色),網路價 $222
【Doch】韓風美型條紋配色挖肩針織上衣(共兩色),網路價 $237
【Doch】金屬裝飾亮眼素色短褲(共兩色),網路價 $590
【Doch】舒感特色抓皺棉上衣(共兩色),網路價 $590
【Doch】輕柔浪漫蕾絲拼貼小口袋圓領襯衫(共兩色),網路價 $590
【Doch】貼鑽渲染花漾雪紡拼接圓領上衣(共兩色),網路價 $790
【Doch】好感立體圖案百折袖上衣(共兩色),網路價 $640
【Doch】氣質麻花邊針織外套(共三色),網路價 $504
【Doch】今夏流行印花休閒短褲(共兩色),網路價 $840
【Doch】必備!假兩件式條紋針織上衣(共三色),網路價 $207
【Doch】珍珠裝飾波浪袖口襯衫(共兩色),網路價 $740
【Doch】綁帶連帽長版針織外套(共三色),網路價 $744
【Doch】細肩帶短版牛仔藍上衣( 共一色),網路價 $495
【Doch】小香風配色滾邊長版針織洋裝/長上衣(共三色),網路價 $222
【Doch】氣質蕾絲雕花上衣(共兩色),網路價 $840
【Doch】經典格紋側邊蝴蝶結上衣(共兩色),網路價 $790
【Doch】星星雙領設計針織上衣(共三色),網路價 $444
【Doch】少女圓領小花滾邊特色上衣(共兩色),網路價 $690
【Doch】圓領特殊剪裁彈性上衣(共兩色),網路價 $790
【Doch】前短後長條紋口袋上衣(共兩色),網路價 $640
【Doch】個性特色設計師款上衣(共兩色),網路價 $690
【Doch】LOVE字樣肩帶露肩上衣(共兩色),網路價 $740
【Doch】氣質典雅雕花滾邊短褲(共兩色),網路價 $590
【Doch】典雅時尚雪紡設計上衣(共兩色),網路價 $740
【Doch】氣質蕾絲雕花寬褲,網路價 $740
【Doch】配色格紋典雅針織長上衣/洋裝 (共三色),網路價 $252
【Doch】印花民族特色褲裙(共兩色),網路價 $690
【Doch】夢幻多層次鬆緊腰紗裙(共兩色),網路價 $790
【Doch】圓領花朵典雅針織背心(共三色),網路價 $192
【Doch】蕾絲V領鉤織背心針織衫(共三色),網路價 $112
【Doch】英倫風牛仔短褲,網路價 $640
【Doch】特殊設計照片風上衣(共兩色),網路價 $740
【Doch】素雅V領前短後長針織上衣(共三色),網路價 $444
【Doch】波浪翻領條紋針織上衣(共三色),網路價 $414
【Doch】心機挖肩袖口雕花針織上衣(共三色),網路價 $384
【Doch】搶眼圖騰鑽飾長版上衣/洋裝(共三色),網路價 $237
【Kinloch Anderson金安德森女裝】大圓領雪紡荷葉上衣-2色,"網路價 $2,064"
【Kinloch Anderson金安德森女裝】一字領肩抽繩兩件式上衣,"網路價 $2,280"
【Kinloch Anderson金安德森女裝】圓領格紋提包刺繡上衣,"網路價 $1,480"
【Kinloch Anderson金安德森女裝】V領格紋荷葉設計上衣-2色,"網路價 $1,584"
【Kinloch Anderson金安德森女裝】格紋領徽章連帽休閒POLO上衣-...,"網路價 $2,144"
【Kinloch Anderson金安德森女裝】氣質假兩件蝴蝶結上衣上衣,"網路價 $1,904"
【Kinloch Anderson金安德森女裝】格紋雪紡領結荷葉袖上衣-2色,"網路價 $1,824"
【Kinloch Anderson金安德森女裝】垂墜翻領格紋綁帶上衣,"網路價 $1,480"
【Kinloch Anderson金安德森女裝】飾釦蕾絲荷葉短褲,"網路價 $1,780"
【Kinloch Anderson金安德森女裝】雪紡綁帶外套罩衫,"網路價 $2,704"
【Kinloch Anderson金安德森女裝】腰間格布蝴蝶結七分褲-2色,"網路價 $2,080"
【Kinloch Anderson金安德森女裝】英倫圓領格紋飾釦洋裝－2色,"網路價 $3,664"
【Kinloch Anderson金安德森女裝】英倫甜美雪紡層次格紋短裙,"網路價 $2,624"
【Kinloch Anderson金安德森女裝】格紋圓領雙釦長版上衣-2色,"網路價 $1,904"
【Kinloch Anderson金安德森女裝】小熊印花下擺綁帶上衣,"網路價 $2,144"
【Kinloch Anderson金安德森女裝】圓領剪接格布蛋糕上衣-2色,"網路價 $1,580"
【Kinloch Anderson金安德森女裝】英倫剪接格紋襯衫領長版上衣,"網路價 $1,904"
【Kinloch Anderson金安德森女裝】學院格紋領徽章POLO上衣-2色,"網路價 $1,824"
【Kinloch Anderson金安德森女裝】學院風格紋後綁帶上衣,"網路價 $2,224"
【Kinloch Anderson金安德森女裝】英倫格紋剪接短袖上衣,"網路價 $1,824"
【Kinloch Anderson金安德森女裝】格紋領格紋半開襟上衣-2色,"網路價 $2,064"
【Kinloch Anderson金安德森女裝】圓領剪接下擺荷葉長版上衣,"網路價 $2,944"
【Kinloch Anderson金安德森女裝】氣質假兩件襯衫POLO上衣-2色,"網路價 $1,904"
【Kinloch Anderson金安德森女裝】V領印花後假兩件蕾絲上衣-2色,"網路價 $1,380"
【Kinloch Anderson金安德森女裝】英倫氣質蝴蝶結格紋短裙,"網路價 $3,024"
【Kinloch Anderson金安德森女裝】氣質圓領蝴蝶結上衣-2色,"網路價 $1,984"
【Kinloch Anderson金安德森女裝】英倫連帽短袖拼接格紋上衣-2色,"網路價 $1,904"
【Kinloch Anderson金安德森女裝】V領格紋蝴蝶結上衣,"網路價 $1,824"
【Kinloch Anderson金安德森女裝】氣質格紋假兩件上衣-2色,"網路價 $1,904"
【Kinloch Anderson金安德森女裝】V領開口貼袋長版上衣-2色,"網路價 $1,904"
【Kinloch Anderson金安德森女裝】氣質格紋假兩件上衣,"網路價 $1,904"
【Kinloch Anderson金安德森女裝】甜美OL荷葉短裙,"網路價 $1,780"
【Kinloch Anderson金安德森女裝】前活褶格部腰帶短褲-2色,"網路價 $2,280"
【Kinloch Anderson金安德森女裝】氣質雪紡格紋假兩件上衣,"網路價 $1,904"
【Kinloch Anderson金安德森女裝】圓領雪紡荷葉短袖件上衣-2色,"網路價 $1,180"
【Kinloch Anderson金安德森女裝】剪接格紋假兩件上衣-2色,"網路價 $1,380"
【Kinloch Anderson金安德森女裝】英倫甜美俏麗格紋短裙,"網路價 $3,024"
【Kinloch Anderson金安德森女裝】格紋蝴蝶結連帽舒適洋裝,"網路價 $1,980"
【Kinloch Anderson金安德森女裝】V領袖格紋荷葉上衣-2色,"網路價 $1,380"
【Kinloch Anderson金安德森女裝】格紋蕾絲荷葉半開襟上衣-2色,"網路價 $1,180"
【NATURALLY JOJO】都會荷葉繡襯衫 (黑色),"網路價 $1,526"
【NATURALLY JOJO】袖挖洞字母上衣(白),網路價 $573
【NATURALLY JOJO】高腰拉鍊設計過膝裙(黑),網路價 $996
【NATURALLY JOJO】典雅拼接雪紡上衣(黑),網路價 $896
【NATURALLY JOJO】雙色坑條設計線衫(黑),"網路價 $1,211"
【NATURALLY JOJO】水手領拋袖上衣(白),"網路價 $1,190"
【NATURALLY JOJO】幾何翻領針織外套(黑X灰),"網路價 $1,596"
【NATURALLY JOJO】針織緹花大外罩(黑),"網路價 $1,526"
【NATURALLY JOJO】個性掉針印字針織衣(黑),"網路價 $1,669"
【NATURALLY JOJO】拋袖蕾絲肩帶上衣 (黑),"網路價 $1,190"
【NATURALLY JOJO】都會時尚一片裙 (灰),"網路價 $1,794"
【NATURALLY JOJO】寬口針織繡長褲 (黑),"網路價 $1,256"
【NATURALLY JOJO】星球印絨撞色上衣(黑),網路價 $796
【NATURALLY JOJO】蕾絲領落肩棉T (黑色),網路價 $896
【NATURALLY JOJO】V領挑洞薄線衫 (黑),"網路價 $1,434"
【NATURALLY JOJO】原創LOGO拼接外罩(黑/白2色),網路價 $648
【NATURALLY JOJO】字母電繡大外罩(黑),"網路價 $1,490"
【NATURALLY JOJO】寬口針織繡長褲 (紅),"網路價 $1,256"
【NATURALLY JOJO】 紐約街景印花寬T (黑),"網路價 $1,992"
【NATURALLY JOJO】 後現代印花短袖T(黑色),"網路價 $1,912"
【NATURALLY JOJO】一字領寬袖短版衣(白),"網路價 $1,592"
【NATURALLY JOJO】寬大條紋印短袖T(黑),"網路價 $1,614"
【NATURALLY JOJO】紐約A字後背印花T (白),"網路價 $1,592"
【NATURALLY JOJO】復古仿呢高腰窄裙(深灰),網路價 $673
【NATURALLY JOJO】立體抓皺五分袖T(黑),"網路價 $1,290"
【NATURALLY JOJO】垂領閃鑽拼接上衣 (黑),"網路價 $1,256"
【NATURALLY JOJO】短版雙色棒球夾克(黑),"網路價 $1,796"
【NATURALLY JOJO】後綁帶設計上衣(黑),"網路價 $1,390"
【NATURALLY JOJO】長版挑洞口袋外罩 (灰),"網路價 $1,166"
【NATURALLY JOJO】雙肩刺繡設計上衣(黑),"網路價 $1,121"
【NATURALLY JOJO】荷葉蓋袖都會時尚衣(黑),"網路價 $1,301"
【NATURALLY JOJO】復古條紋壓褶短裙 (黑X白),"網路價 $1,301"
【NATURALLY JOJO】V領斗篷式上衣(黑),網路價 $648
【NATURALLY JOJO】原創框繡長版線衫(黑),"網路價 $2,392"
【NATURALLY JOJO】純色蝙蝠袖短版外罩(黑),網路價 $498
【NATURALLY JOJO】純色蝙蝠袖短版外罩(白),網路價 $498
【NATURALLY JOJO】 三角切割特殊印背心 (黑),"網路價 $1,592"
【NATURALLY JOJO】領口斜釦素面上衣(黑/白2色),網路價 $398
【NATURALLY JOJO】B&W Voice T 保持下去(白),網路價 $390
【NATURALLY JOJO】一字領繡字挺料上衣(黑),網路價 $598
H:CONNECT 韓國品牌 女裝-毛呢格紋翻領外套-黃,"網路價 $2,704"
H:CONNECT 韓國品牌 女裝-毛呢格紋翻領外套-紅,"網路價 $2,704"
H:CONNECT 韓國品牌 女裝-抓皺短版連帽外套-綠,"網路價 $2,784"
【NATURALLYJOJO】異材質拼接長版帽T(黑),"網路價 $2,029"
【NATURALLYJOJO】帥氣麂皮短夾克(黑),"網路價 $3,289"
【NATURALLYJOJO】帥氣麂皮短夾克(灰),"網路價 $3,289"
【NATURALLYJOJO】帥氣麂皮短夾克(紅),"網路價 $3,289"
Green Parks 簡約字母T恤上衣,網路價 $395
Green Parks 特色字母標誌T恤上衣,網路價 $395
Green Parks 簡單小字母休閒T恤上衣,網路價 $395
【NATURALLY JOJO】造型繞勁外套(墨綠),網路價 $648
【NATURALLY JOJO】設計款短裙(杏),網路價 $648
【NATURALLY JOJO】短版外搭背心(灰),網路價 $373
【NATURALLY JOJO】低襠西裝褲(灰),網路價 $673
H:CONNECT 韓國品牌 女裝-側拉鍊長版羽絨外套-白,"網路價 $7,184"
H:CONNECT 韓國品牌 女裝-翻領造型仿皮外套-黑,"網路價 $3,184"
H:CONNECT 韓國品牌 女裝-側拉鍊長版羽絨外套-黑,"網路價 $7,184"
earth music 2WAY正反兩穿格紋/素面MA-1夾克外套,網路價 $875
H:CONNECT 韓國品牌 女裝-小寬袖立領坑條上衣-卡其,"網路價 $1,024"
H:CONNECT 韓國品牌 女裝-拼接設計高領毛衣-白,"網路價 $1,344"
H:CONNECT 韓國品牌 女裝-拼接設計高領毛衣-藍,"網路價 $1,344"
H:CONNECT 韓國品牌 女裝-衣袖造型拼接上衣-藍,"網路價 $1,344"
H:CONNECT 韓國品牌 女裝-撞色連帽長板鋪棉外套-黑,"網路價 $3,184"
H:CONNECT 韓國品牌 女裝-小寬袖立領坑條上衣-粉,"網路價 $1,024"
H:CONNECT 韓國品牌 女裝-鋪棉抽繩連帽外套-綠,"網路價 $4,624"
H:CONNECT 韓國品牌 女裝-蕾絲滾邊針織上衣-黑,"網路價 $1,024"
H:CONNECT 韓國品牌 女裝-蕾絲滾邊針織上衣-白,"網路價 $1,024"
H:CONNECT 韓國品牌 女裝-復古格紋排釦針織外套-綠,"網路價 $1,344"
H:CONNECT 韓國品牌 女裝-排釦連帽長板外套-粉,"網路價 $1,584"
H:CONNECT 韓國品牌 女裝-抓皺澎袖造型上衣-紫,"網路價 $1,184"
H:CONNECT 韓國品牌 女裝-雙口袋縮口連帽外套-深灰,"網路價 $4,784"
H:CONNECT 韓國品牌 女裝-雙口袋縮口連帽外套-灰,"網路價 $4,784"
H:CONNECT 韓國品牌 女裝-雙口袋麻花針織外套-藍,"網路價 $1,344"
H:CONNECT 韓國品牌 女裝-拉鍊口袋長板羽絨外套-藍,"網路價 $5,584"
H:CONNECT 韓國品牌 男裝-格紋單口袋襯衫-深灰,"網路價 $1,024"
H:CONNECT 韓國品牌 男裝-坑條翻領毛衣-黑,"網路價 $1,264"
H:CONNECT 韓國品牌 男裝-混織修身西裝褲-深灰,"網路價 $1,344"
H:CONNECT 韓國品牌 男裝-寬條柔軟針織上衣-卡其,"網路價 $1,184"
H:CONNECT 韓國品牌 男裝-寬條柔軟針織上衣-棕,"網路價 $1,184"
H:CONNECT 韓國品牌 男裝-混織高領毛衣-灰,"網路價 $1,184"
Green Parks 簡單小字母休閒T恤上衣,網路價 $395
CHICA 甜美名媛混色編織縮口袖洋裝(1色),"網路價 $1,690"
SNS 雪國印象仿貂毛翻領格紋大衣(1色),"網路價 $6,400"
CHICA 樂活冬日圈圈羊毛連帽背心外套(2色),"網路價 $3,990"
CHICA 經典英倫拼接織帶格紋內搭褲(2色),"網路價 $1,090"
CHICA 冬日派對煙花圖騰立領針織衫(2色),"網路價 $2,290"
CHICA 經典時光羊毛混紡開襟格紋大衣(2色),"網路價 $3,640"
獨身貴族 復古幾何V領壓褶圓圈上衣(2色),"網路價 $1,490"
CHICA 冬日花園泡泡袖高領蕾絲上衣(1色),"網路價 $2,140"
CHICA 復刻典藏翻領連帽羊毛大衣(2色),"網路價 $6,400"
SNS 復古街頭配色車縫線丹寧寬褲(2色),"網路價 $1,690"
CHICA 雪國森林仿貂毛綁帶連帽大衣(2色),"網路價 $5,900"
SNS 都會文青風羊毛混紡翻領大衣(2色),"網路價 $3,990"
SNS 女孩歷險記縮腰後開衩連帽風衣(2色),"網路價 $3,990"
CHICA 運動女孩混色編織連帽口袋上衣(1色),"網路價 $1,890"
CHICA 英倫學院麻花織紋羊毛背心外套(3色),"網路價 $2,490"
CHICA 英倫美學長版格紋連帽大衣(1色),"網路價 $5,900"
獨身貴族 都會女伶傘襬剪裁假兩件上衣(1色),"網路價 $2,390"
CHICA 經典優雅細格織紋羊毛外套(2色),"網路價 $4,900"
獨身貴族 優雅女子仿貂毛格紋翻領大衣(1色),"網路價 $6,400"
SNS 雅痞風尚微喇叭抽鬚牛仔褲(1色),"網路價 $1,490"
SNS 況味絮語粗坑條混色編織針織衫(2色),"網路價 $1,490"
SNS 女子學院配色口袋連帽針織背心(2色),"網路價 $1,690"
SNS 東方品味恣意水洗刷白牛仔褲(2色),"網路價 $1,490"
SNS 原宿街頭中縫線腰頭拼接直筒褲(2色),"網路價 $1,290"
SNS 潮流觀點直織紋側開衩針織衫(3色),"網路價 $1,490"
SNS 曠野漫遊紋理圖騰翻領夾克(1色),"網路價 $2,490"
CHICA 復古文藝燈心絨排釦直筒長裙(2色),"網路價 $1,290"
SNS 解構藝術撞色拼接落肩針織衫(2色),"網路價 $1,490"
CHICA 青春篇章撞色口袋混色針織衫(2色),"網路價 $2,140"
SNS 波普藝術坑條撞色條紋針織衫(2色),"網路價 $1,490"
獨身貴族 冬日意象仿貂毛翻領格紋夾克(2色),"網路價 $4,900"
CHICA 復古秋漾花藝不規則拼接上衣(2色),"網路價 $1,290"
CHICA 甜心詩人字母刺繡愛心針織衫(2色),"網路價 $1,490"
SNS 英倫街頭拼接連帽風衣外套(2色),"網路價 $3,950"
CANTWO吊帶肩飾五分袖針織上衣(共三色),"網路價 $1,280"
earth music 腰際鬆緊設計垂墜感寬褲裙,網路價 $608
獨身貴族 古老密語花藝圖騰抽鬚圍巾(2色),"網路價 $1,990"
CHICA 純淨淬鍊配色縫線黑丹寧長褲(1色),"網路價 $1,490"
獨身貴族 自然知性坑條織紋純色圍巾(3色),"網路價 $1,640"
ICHE衣哲 蕾絲圖紋印花羊毛針織上衣,"網路價 $1,090"
ICHE衣哲 豹紋印花V字拼接造型上衣,網路價 $690
ICHE 衣哲 羊毛立體紋上衣,"網路價 $1,090"
ICHE衣哲 羊毛徽章傘襬造型上衣,網路價 $890
ICHE 衣哲 紅唇字母亮片羊毛上衣,"網路價 $1,290"
ICHE 衣哲 釘珠兔毛高領上衣,"網路價 $1,390"
ICHE 衣哲 徽章假兩件拼接羊毛上衣,網路價 $890
ICHE 衣哲 荷葉小立領拼接馬甲式造型上衣,網路價 $890
ICHE 衣哲 百搭黑白抽象印花羊毛針織上衣,網路價 $990
Chaber巧帛 微立高領格紋印花毛呢感寬袖上衣,"網路價 $1,090"
ICHE衣哲 100%喀什米爾高領上衣 兩色,"網路價 $1,490"
ICHE 衣哲 千鳥格紋羊毛上衣,"網路價 $1,290"
ICHE 衣哲 撞色拼接印花長版造型上衣,"網路價 $1,290"
ICHE 衣哲 圖騰印花寬袖長版造型上衣,網路價 $890
ICHE衣哲 繽紛老虎圖案上衣,網路價 $890
ICHE衣哲 滿版印花抽皺造型上衣,網路價 $690
ICHE衣哲 羊毛微高領鏤空針織上衣 兩色,"網路價 $1,290"
ICHE 衣哲 羊毛字母人像鑽飾七分袖上衣 兩色,"網路價 $1,290"
ICHE衣哲 羊毛立體肩飾條紋印花上衣,"網路價 $1,090"
ICHE 衣哲 老虎鉚釘撞色拼接造型上衣,網路價 $890
ICHE 衣哲 羊毛撞色造型上衣,"網路價 $1,290"
ICHE 衣哲 拼接羊毛長版上衣,網路價 $890
ICHE 衣哲 簡約亮片羊毛上衣,"網路價 $1,090"
ICHE 衣哲 馬甲式印花拼接上衣,網路價 $890
ICHE衣哲 立體狗絨毛拼接造型上衣,"網路價 $1,290"
ICHE 衣哲 微高領3D蕾絲羊毛上衣 兩色,網路價 $990
ICHE 衣哲 羊毛立體荷葉造型上衣,"網路價 $1,490"
ICHE 衣哲 立體裝飾玩味造型上衣 兩色,"網路價 $1,290"
ICHE 衣哲 字母星星造型上衣 兩色,"網路價 $1,290"
ICHE 衣哲 羊毛釘珠蝴蝶結上衣 兩色,"網路價 $1,090"
ICHE衣哲 相片印花拼接長版造型上衣,網路價 $990
ICHE衣哲 羊毛字母刷毛針織長版上衣 兩色,"網路價 $1,290"
ICHE 衣哲 幾何寶石印花拼接上衣,"網路價 $1,290"
ICHE 衣哲 羊毛絨垂墜飾造型上衣,"網路價 $1,090"
ICHE 衣哲 狗圖立體釘珠造型上衣,網路價 $990
ICHE 衣哲 字母拼接高領上衣,"網路價 $1,290"
ICHE衣哲 荷葉領百搭羊毛上衣 三色,網路價 $890
ICHE衣哲 羊毛撞色拼接長版大衣 兩色,"網路價 $2,490"
ICHE 衣哲 百分百羊毛鑽飾上衣,"網路價 $1,290"
ICHE 衣哲 修身印花造型上衣,網路價 $890
